temperature,humidity,timestamp
29.9,90.8,2026-02-16 22:12:06
29.9,90.8,2026-02-16 22:12:16
29.9,90.7,2026-02-16 22:12:26
29.9,90.6,2026-02-16 22:12:36
29.9,90.9,2026-02-16 22:12:46
29.9,90.9,2026-02-16 22:12:56
29.9,90.8,2026-02-16 22:13:07
29.9,90.6,2026-02-16 22:13:16
30.0,90.7,2026-02-16 22:13:26
30.0,90.5,2026-02-16 22:13:36
30.0,90.4,2026-02-16 22:13:46
30.0,90.3,2026-02-16 22:13:56
30.0,90.3,2026-02-16 22:14:06
30.1,90.3,2026-02-16 22:14:16
30.1,90.2,2026-02-16 22:14:26
30.1,90.2,2026-02-16 22:14:36
30.1,90.1,2026-02-16 22:14:46
30.1,90.1,2026-02-16 22:14:56
30.1,90.0,2026-02-16 22:15:07
30.0,90.0,2026-02-16 22:15:17
30.0,90.0,2026-02-16 22:15:27
30.1,90.0,2026-02-16 22:15:37
30.1,90.0,2026-02-16 22:15:47
30.0,90.0,2026-02-16 22:15:57
30.1,90.0,2026-02-16 22:16:07
30.0,90.0,2026-02-16 22:16:17
30.0,90.1,2026-02-16 22:16:27
30.0,90.0,2026-02-16 22:16:37
30.0,90.0,2026-02-16 22:16:47
30.0,90.0,2026-02-16 22:16:57
30.0,90.0,2026-02-16 22:17:07
30.0,90.0,2026-02-16 22:17:17
30.0,89.9,2026-02-16 22:17:27
30.0,89.9,2026-02-16 22:17:37
30.0,90.0,2026-02-16 22:17:47
30.0,90.0,2026-02-16 22:17:57
30.0,89.9,2026-02-16 22:18:07
30.0,89.5,2026-02-16 22:18:17
30.0,89.3,2026-02-16 22:18:27
30.0,89.1,2026-02-16 22:18:37
30.0,89.1,2026-02-16 22:18:47
30.0,89.0,2026-02-16 22:18:57
30.0,88.9,2026-02-16 22:19:07
30.0,89.0,2026-02-16 22:19:17
30.0,88.9,2026-02-16 22:19:27
30.0,88.8,2026-02-16 22:19:37
30.0,88.7,2026-02-16 22:19:47
30.0,88.7,2026-02-16 22:19:57
30.0,88.5,2026-02-16 22:20:07
30.0,88.5,2026-02-16 22:20:17
30.0,88.5,2026-02-16 22:20:27
30.0,88.5,2026-02-16 22:20:37
30.0,88.6,2026-02-16 22:20:47
30.0,88.5,2026-02-16 22:20:57
30.0,88.5,2026-02-16 22:21:07
30.0,88.3,2026-02-16 22:21:17
30.0,88.3,2026-02-16 22:21:27
30.0,88.4,2026-02-16 22:21:37
30.0,88.4,2026-02-16 22:21:47
30.0,88.4,2026-02-16 22:21:57
30.0,88.4,2026-02-16 22:22:07
30.0,88.4,2026-02-16 22:22:17
30.0,88.3,2026-02-16 22:22:27
30.0,88.3,2026-02-16 22:22:37
30.0,88.3,2026-02-16 22:22:47
30.0,88.2,2026-02-16 22:22:57
30.0,88.3,2026-02-16 22:23:07
30.1,88.3,2026-02-16 22:23:17
30.1,88.2,2026-02-16 22:23:27
30.1,88.2,2026-02-16 22:23:37
30.1,88.2,2026-02-16 22:23:47
30.1,88.2,2026-02-16 22:23:57
30.1,88.2,2026-02-16 22:24:07
30.1,88.1,2026-02-16 22:24:17
30.1,88.1,2026-02-16 22:24:27
30.1,88.1,2026-02-16 22:24:37
30.1,88.2,2026-02-16 22:24:47
30.1,88.1,2026-02-16 22:24:57
30.1,88.1,2026-02-16 22:25:07
30.1,88.1,2026-02-16 22:25:17
30.1,88.1,2026-02-16 22:25:27
30.1,88.1,2026-02-16 22:25:37
30.1,88.1,2026-02-16 22:25:47
30.1,88.0,2026-02-16 22:25:57
30.1,88.0,2026-02-16 22:26:07
30.1,88.0,2026-02-16 22:26:17
30.1,88.0,2026-02-16 22:26:27
30.1,88.0,2026-02-16 22:26:37
30.1,88.0,2026-02-16 22:26:47
30.1,88.0,2026-02-16 22:26:57
30.1,87.9,2026-02-16 22:27:07
30.1,87.9,2026-02-16 22:27:17
30.1,88.0,2026-02-16 22:27:27
30.1,87.9,2026-02-16 22:27:37
30.1,87.9,2026-02-16 22:27:47
30.1,88.0,2026-02-16 22:27:57
30.1,88.0,2026-02-16 22:28:07
30.1,87.9,2026-02-16 22:28:17
30.1,87.9,2026-02-16 22:28:27
30.1,88.0,2026-02-16 22:28:37
30.1,87.9,2026-02-16 22:28:47
30.1,88.0,2026-02-16 22:28:57
30.1,88.0,2026-02-16 22:29:07
30.1,88.0,2026-02-16 22:29:17
30.1,88.1,2026-02-16 22:29:27
30.1,88.1,2026-02-16 22:29:37
30.1,88.0,2026-02-16 22:29:47
30.1,87.9,2026-02-16 22:29:57
30.1,88.0,2026-02-16 22:30:07
30.1,87.9,2026-02-16 22:30:17
30.1,87.8,2026-02-16 22:30:27
30.2,87.8,2026-02-16 22:30:37
30.1,87.8,2026-02-16 22:30:47
30.1,87.7,2026-02-16 22:30:57
30.1,87.8,2026-02-16 22:31:07
30.1,87.7,2026-02-16 22:31:17
30.1,87.8,2026-02-16 22:31:27
30.1,87.8,2026-02-16 22:31:37
30.1,87.7,2026-02-16 22:31:47
30.1,87.8,2026-02-16 22:31:57
30.1,87.7,2026-02-16 22:32:07
30.1,87.6,2026-02-16 22:32:17
30.1,87.6,2026-02-16 22:32:27
30.1,87.7,2026-02-16 22:32:37
30.1,87.7,2026-02-16 22:32:47
30.1,87.8,2026-02-16 22:32:57
30.1,87.8,2026-02-16 22:33:07
30.1,87.8,2026-02-16 22:33:17
30.1,87.7,2026-02-16 22:33:27
30.1,87.7,2026-02-16 22:33:37
30.1,87.6,2026-02-16 22:33:47
30.1,87.6,2026-02-16 22:33:57
30.1,87.6,2026-02-16 22:34:07
30.1,87.6,2026-02-16 22:34:17
30.1,87.7,2026-02-16 22:34:27
30.1,87.7,2026-02-16 22:34:37
30.0,87.6,2026-02-16 22:34:47
30.0,87.7,2026-02-16 22:34:57
30.0,87.6,2026-02-16 22:35:07
30.0,87.7,2026-02-16 22:35:17
30.0,87.7,2026-02-16 22:35:27
30.0,87.7,2026-02-16 22:35:37
30.0,87.7,2026-02-16 22:35:47
30.0,87.8,2026-02-16 22:35:57
30.0,87.8,2026-02-16 22:36:07
30.0,87.7,2026-02-16 22:36:17
30.0,87.7,2026-02-16 22:36:27
30.0,87.7,2026-02-16 22:36:37
30.0,87.8,2026-02-16 22:36:47
30.0,87.8,2026-02-16 22:36:57
30.0,87.9,2026-02-16 22:37:07
30.0,87.9,2026-02-16 22:37:17
30.0,88.0,2026-02-16 22:37:27
30.0,87.9,2026-02-16 22:37:37
30.0,87.8,2026-02-16 22:37:47
30.0,87.8,2026-02-16 22:37:57
30.0,87.7,2026-02-16 22:38:07
30.0,87.8,2026-02-16 22:38:17
30.0,87.8,2026-02-16 22:38:27
30.0,87.8,2026-02-16 22:38:37
30.1,87.8,2026-02-16 22:38:47
30.1,87.8,2026-02-16 22:38:57
30.1,87.7,2026-02-16 22:39:07
30.0,87.6,2026-02-16 22:39:17
30.0,87.5,2026-02-16 22:39:27
30.0,87.5,2026-02-16 22:39:37
30.1,87.5,2026-02-16 22:39:47
30.1,87.5,2026-02-16 22:39:57
30.1,87.5,2026-02-16 22:40:07
30.1,87.4,2026-02-16 22:40:17
30.1,87.4,2026-02-16 22:40:27
30.1,87.4,2026-02-16 22:40:37
30.1,87.4,2026-02-16 22:40:47
30.1,87.5,2026-02-16 22:40:57
30.1,87.5,2026-02-16 22:41:07
30.1,87.4,2026-02-16 22:41:17
30.1,87.4,2026-02-16 22:41:27
30.1,87.5,2026-02-16 22:41:37
30.1,87.5,2026-02-16 22:41:47
30.1,87.5,2026-02-16 22:41:57
30.1,87.5,2026-02-16 22:42:07
30.0,87.5,2026-02-16 22:42:17
30.0,87.5,2026-02-16 22:42:27
30.1,87.5,2026-02-16 22:42:37
30.0,87.4,2026-02-16 22:42:47
30.0,87.5,2026-02-16 22:42:57
30.0,87.5,2026-02-16 22:43:07
30.0,87.5,2026-02-16 22:43:17
30.0,87.5,2026-02-16 22:43:27
30.0,87.5,2026-02-16 22:43:37
30.0,87.5,2026-02-16 22:43:47
30.0,87.5,2026-02-16 22:43:57
30.0,87.5,2026-02-16 22:44:07
30.0,87.5,2026-02-16 22:44:17
30.0,87.6,2026-02-16 22:44:27
30.0,87.7,2026-02-16 22:44:37
30.0,87.7,2026-02-16 22:44:47
30.0,87.8,2026-02-16 22:44:57
30.0,87.8,2026-02-16 22:45:07
30.0,87.7,2026-02-16 22:45:17
30.0,87.6,2026-02-16 22:45:27
30.0,87.6,2026-02-16 22:45:37
30.0,87.5,2026-02-16 22:45:47
30.0,87.6,2026-02-16 22:45:57
30.0,87.6,2026-02-16 22:46:07
30.0,87.6,2026-02-16 22:46:17
30.0,87.6,2026-02-16 22:46:27
30.0,87.6,2026-02-16 22:46:37
29.9,87.6,2026-02-16 22:46:47
30.0,87.6,2026-02-16 22:46:57
29.9,87.6,2026-02-16 22:47:07
30.0,87.6,2026-02-16 22:47:17
30.0,87.6,2026-02-16 22:47:27
29.9,87.6,2026-02-16 22:47:37
29.9,87.6,2026-02-16 22:47:47
29.9,87.7,2026-02-16 22:47:57
29.9,87.7,2026-02-16 22:48:07
29.9,87.6,2026-02-16 22:48:17
29.9,87.7,2026-02-16 22:48:27
29.9,87.7,2026-02-16 22:48:37
29.9,87.7,2026-02-16 22:48:47
29.9,87.7,2026-02-16 22:48:57
29.9,87.7,2026-02-16 22:49:07
29.9,87.7,2026-02-16 22:49:17
29.9,87.7,2026-02-16 22:49:27
29.9,87.7,2026-02-16 22:49:37
29.9,87.7,2026-02-16 22:49:47
29.9,87.7,2026-02-16 22:49:57
29.9,87.7,2026-02-16 22:50:07
29.9,87.7,2026-02-16 22:50:17
29.9,87.7,2026-02-16 22:50:27
29.9,87.7,2026-02-16 22:50:37
29.9,87.6,2026-02-16 22:50:47
29.9,87.6,2026-02-16 22:50:57
29.9,87.6,2026-02-16 22:51:07
29.9,87.7,2026-02-16 22:51:17
29.9,87.6,2026-02-16 22:51:27
29.9,87.6,2026-02-16 22:51:37
29.9,87.7,2026-02-16 22:51:47
29.9,87.6,2026-02-16 22:51:57
29.9,87.6,2026-02-16 22:52:07
29.9,87.6,2026-02-16 22:52:17
29.9,87.7,2026-02-16 22:52:27
29.9,87.6,2026-02-16 22:52:37
29.9,87.7,2026-02-16 22:52:47
29.9,87.7,2026-02-16 22:52:57
29.9,87.7,2026-02-16 22:53:07
29.9,87.8,2026-02-16 22:53:17
29.9,87.8,2026-02-16 22:53:27
29.9,87.9,2026-02-16 22:53:37
29.9,87.8,2026-02-16 22:53:47
29.9,87.7,2026-02-16 22:53:57
29.9,87.7,2026-02-16 22:54:07
29.9,87.7,2026-02-16 22:54:17
29.9,87.7,2026-02-16 22:54:27
29.9,87.6,2026-02-16 22:54:37
29.9,87.7,2026-02-16 22:54:47
29.9,87.7,2026-02-16 22:54:57
29.9,87.6,2026-02-16 22:55:07
29.8,87.6,2026-02-16 22:55:17
29.8,87.7,2026-02-16 22:55:27
29.9,87.7,2026-02-16 22:55:37
29.8,87.7,2026-02-16 22:55:47
29.8,87.8,2026-02-16 22:55:57
29.8,87.8,2026-02-16 22:56:07
29.8,87.8,2026-02-16 22:56:17
29.8,87.8,2026-02-16 22:56:27
29.8,87.8,2026-02-16 22:56:37
29.8,87.7,2026-02-16 22:56:47
29.8,87.7,2026-02-16 22:56:57
29.8,87.8,2026-02-16 22:57:07
29.8,87.8,2026-02-16 22:57:17
29.8,87.8,2026-02-16 22:57:27
29.8,87.7,2026-02-16 22:57:37
29.8,87.7,2026-02-16 22:57:47
29.8,87.7,2026-02-16 22:57:57
29.8,87.7,2026-02-16 22:58:07
29.8,87.7,2026-02-16 22:58:17
29.8,87.7,2026-02-16 22:58:27
29.8,87.7,2026-02-16 22:58:37
29.8,87.7,2026-02-16 22:58:47
29.8,87.7,2026-02-16 22:58:57
29.8,87.7,2026-02-16 22:59:07
29.8,87.7,2026-02-16 22:59:17
29.8,87.7,2026-02-16 22:59:27
29.8,87.7,2026-02-16 22:59:37
29.8,87.8,2026-02-16 22:59:47
29.8,87.8,2026-02-16 22:59:57
29.8,87.8,2026-02-16 23:00:07
29.8,87.8,2026-02-16 23:00:17
29.8,87.9,2026-02-16 23:00:27
29.8,87.9,2026-02-16 23:00:37
29.7,87.9,2026-02-16 23:00:47
29.7,87.9,2026-02-16 23:00:57
29.7,88.0,2026-02-16 23:01:07
29.7,88.0,2026-02-16 23:01:17
29.7,88.0,2026-02-16 23:01:27
29.7,88.0,2026-02-16 23:01:37
29.7,87.9,2026-02-16 23:01:47
29.7,88.0,2026-02-16 23:01:57
29.7,88.1,2026-02-16 23:02:07
29.7,88.1,2026-02-16 23:02:17
29.8,88.0,2026-02-16 23:02:27
29.8,88.0,2026-02-16 23:02:37
29.8,88.0,2026-02-16 23:02:47
29.8,87.9,2026-02-16 23:02:57
29.8,87.9,2026-02-16 23:03:07
29.8,87.9,2026-02-16 23:03:17
29.8,87.8,2026-02-16 23:03:27
29.8,87.8,2026-02-16 23:03:37
29.8,87.8,2026-02-16 23:03:47
29.8,87.7,2026-02-16 23:03:57
29.8,87.8,2026-02-16 23:04:07
29.8,87.7,2026-02-16 23:04:17
29.8,87.7,2026-02-16 23:04:27
29.8,87.7,2026-02-16 23:04:37
29.8,87.7,2026-02-16 23:04:47
29.8,87.7,2026-02-16 23:04:57
29.8,87.6,2026-02-16 23:05:07
29.8,87.6,2026-02-16 23:05:17
29.8,87.6,2026-02-16 23:05:27
29.8,87.7,2026-02-16 23:05:37
29.8,87.7,2026-02-16 23:05:47
29.8,87.7,2026-02-16 23:05:57
29.8,87.7,2026-02-16 23:06:07
29.8,87.7,2026-02-16 23:06:17
29.8,87.7,2026-02-16 23:06:27
29.8,87.7,2026-02-16 23:06:37
29.8,87.8,2026-02-16 23:06:47
29.8,87.7,2026-02-16 23:06:57
29.8,87.7,2026-02-16 23:07:07
29.8,87.8,2026-02-16 23:07:17
29.8,87.8,2026-02-16 23:07:27
29.7,87.8,2026-02-16 23:07:37
29.7,87.8,2026-02-16 23:07:47
29.7,87.8,2026-02-16 23:07:57
29.7,87.8,2026-02-16 23:08:07
29.7,87.8,2026-02-16 23:08:17
29.7,87.9,2026-02-16 23:08:27
29.7,87.9,2026-02-16 23:08:37
29.7,87.9,2026-02-16 23:08:47
29.7,87.9,2026-02-16 23:08:57
29.7,87.9,2026-02-16 23:09:07
29.7,87.9,2026-02-16 23:09:17
29.7,87.9,2026-02-16 23:09:27
29.7,88.0,2026-02-16 23:09:37
29.7,87.9,2026-02-16 23:09:47
29.8,87.8,2026-02-16 23:09:57
29.8,87.8,2026-02-16 23:10:07
29.8,87.8,2026-02-16 23:10:17
29.8,87.8,2026-02-16 23:10:27
29.8,87.8,2026-02-16 23:10:37
29.7,87.7,2026-02-16 23:10:47
29.8,87.7,2026-02-16 23:10:57
29.8,87.7,2026-02-16 23:11:07
29.8,87.7,2026-02-16 23:11:17
29.8,87.7,2026-02-16 23:11:27
29.8,87.6,2026-02-16 23:11:37
29.8,87.6,2026-02-16 23:11:47
29.8,87.6,2026-02-16 23:11:57
29.8,87.6,2026-02-16 23:12:07
29.8,87.6,2026-02-16 23:12:17
29.8,87.7,2026-02-16 23:12:27
29.8,87.6,2026-02-16 23:12:37
29.8,87.7,2026-02-16 23:12:47
29.8,87.6,2026-02-16 23:12:57
29.8,87.6,2026-02-16 23:13:07
29.8,87.6,2026-02-16 23:13:17
29.8,87.6,2026-02-16 23:13:27
29.8,87.6,2026-02-16 23:13:37
29.8,87.5,2026-02-16 23:13:47
29.8,87.6,2026-02-16 23:13:57
29.8,87.6,2026-02-16 23:14:07
29.8,87.6,2026-02-16 23:14:17
29.8,87.6,2026-02-16 23:14:27
29.8,87.6,2026-02-16 23:14:37
29.8,87.5,2026-02-16 23:14:47
29.8,87.5,2026-02-16 23:14:57
29.8,87.5,2026-02-16 23:15:07
29.8,87.4,2026-02-16 23:15:17
29.8,87.4,2026-02-16 23:15:27
29.8,87.4,2026-02-16 23:15:37
29.8,87.4,2026-02-16 23:15:47
29.8,87.4,2026-02-16 23:15:57
29.8,87.5,2026-02-16 23:16:07
29.8,87.5,2026-02-16 23:16:17
29.8,87.5,2026-02-16 23:16:27
29.8,87.5,2026-02-16 23:16:37
29.8,87.5,2026-02-16 23:16:47
29.8,87.5,2026-02-16 23:16:57
29.8,87.5,2026-02-16 23:17:07
29.8,87.5,2026-02-16 23:17:17
29.8,87.5,2026-02-16 23:17:27
29.8,87.5,2026-02-16 23:17:37
29.8,87.5,2026-02-16 23:17:47
29.8,87.4,2026-02-16 23:17:57
29.8,87.5,2026-02-16 23:18:07
29.8,87.5,2026-02-16 23:18:17
29.8,87.5,2026-02-16 23:18:27
29.8,87.4,2026-02-16 23:18:37
29.8,87.4,2026-02-16 23:18:47
29.8,87.4,2026-02-16 23:18:57
29.8,87.4,2026-02-16 23:19:07
29.8,87.4,2026-02-16 23:19:17
29.8,87.4,2026-02-16 23:19:27
29.8,87.4,2026-02-16 23:19:37
29.8,87.5,2026-02-16 23:19:47
29.8,87.5,2026-02-16 23:19:57
29.8,87.4,2026-02-16 23:20:07
29.8,87.3,2026-02-16 23:20:17
29.8,87.2,2026-02-16 23:20:27
29.8,87.2,2026-02-16 23:20:37
29.8,87.2,2026-02-16 23:20:47
29.8,87.2,2026-02-16 23:20:57
29.8,87.3,2026-02-16 23:21:07
29.8,87.3,2026-02-16 23:21:17
29.8,87.2,2026-02-16 23:21:27
29.8,87.3,2026-02-16 23:21:37
29.8,87.3,2026-02-16 23:21:47
29.8,87.3,2026-02-16 23:21:57
29.8,87.3,2026-02-16 23:22:07
29.8,87.3,2026-02-16 23:22:17
29.8,87.3,2026-02-16 23:22:27
29.8,87.3,2026-02-16 23:22:37
29.8,87.3,2026-02-16 23:22:47
29.8,87.3,2026-02-16 23:22:57
29.8,87.3,2026-02-16 23:23:07
29.8,87.2,2026-02-16 23:23:17
29.8,87.3,2026-02-16 23:23:27
29.8,87.3,2026-02-16 23:23:37
29.8,87.4,2026-02-16 23:23:47
29.7,87.4,2026-02-16 23:23:57
29.8,87.4,2026-02-16 23:24:07
29.7,87.4,2026-02-16 23:24:17
29.8,87.5,2026-02-16 23:24:27
29.7,87.4,2026-02-16 23:24:37
29.8,87.4,2026-02-16 23:24:47
29.7,87.4,2026-02-16 23:24:57
29.8,87.3,2026-02-16 23:25:07
29.7,87.3,2026-02-16 23:25:17
29.7,87.4,2026-02-16 23:25:27
29.8,87.4,2026-02-16 23:25:37
29.8,87.3,2026-02-16 23:25:47
29.8,87.3,2026-02-16 23:25:57
29.8,87.3,2026-02-16 23:26:07
29.8,87.3,2026-02-16 23:26:17
29.8,87.3,2026-02-16 23:26:27
29.8,87.2,2026-02-16 23:26:37
29.8,87.2,2026-02-16 23:26:47
29.8,87.3,2026-02-16 23:26:57
29.8,87.3,2026-02-16 23:27:07
29.8,87.3,2026-02-16 23:27:17
29.8,87.3,2026-02-16 23:27:27
29.8,87.2,2026-02-16 23:27:37
29.8,87.2,2026-02-16 23:27:47
29.9,87.2,2026-02-16 23:27:57
29.8,87.1,2026-02-16 23:28:07
29.8,87.2,2026-02-16 23:28:17
29.8,87.2,2026-02-16 23:28:27
29.8,87.2,2026-02-16 23:28:37
29.8,87.2,2026-02-16 23:28:47
29.8,87.1,2026-02-16 23:28:57
29.8,87.1,2026-02-16 23:29:07
29.8,87.2,2026-02-16 23:29:17
29.8,87.2,2026-02-16 23:29:27
29.8,87.2,2026-02-16 23:29:37
29.8,87.2,2026-02-16 23:29:47
29.8,87.3,2026-02-16 23:29:57
29.8,87.3,2026-02-16 23:30:07
29.8,87.3,2026-02-16 23:30:17
29.8,87.3,2026-02-16 23:30:27
29.8,87.2,2026-02-16 23:30:37
29.8,87.2,2026-02-16 23:30:47
29.8,87.2,2026-02-16 23:30:57
29.8,87.2,2026-02-16 23:31:07
29.7,87.2,2026-02-16 23:31:17
29.8,87.2,2026-02-16 23:31:27
29.8,87.2,2026-02-16 23:31:37
29.7,87.2,2026-02-16 23:31:47
29.8,87.3,2026-02-16 23:31:57
29.8,87.2,2026-02-16 23:32:07
29.7,87.2,2026-02-16 23:32:17
29.7,87.3,2026-02-16 23:32:27
29.7,87.3,2026-02-16 23:32:37
29.7,87.3,2026-02-16 23:32:47
29.7,87.3,2026-02-16 23:32:57
29.7,87.3,2026-02-16 23:33:07
29.7,87.3,2026-02-16 23:33:17
29.7,87.3,2026-02-16 23:33:27
29.7,87.3,2026-02-16 23:33:37
29.7,87.4,2026-02-16 23:33:47
29.7,87.4,2026-02-16 23:33:57
29.7,87.4,2026-02-16 23:34:07
29.7,87.4,2026-02-16 23:34:17
29.7,87.4,2026-02-16 23:34:27
29.7,87.4,2026-02-16 23:34:37
29.7,87.4,2026-02-16 23:34:47
29.7,87.4,2026-02-16 23:34:57
29.7,87.4,2026-02-16 23:35:07
29.7,87.4,2026-02-16 23:35:17
29.7,87.4,2026-02-16 23:35:27
29.7,87.5,2026-02-16 23:35:37
29.7,87.6,2026-02-16 23:35:47
29.7,87.6,2026-02-16 23:35:57
29.7,87.6,2026-02-16 23:36:07
29.7,87.6,2026-02-16 23:36:17
29.7,87.5,2026-02-16 23:36:27
29.7,87.5,2026-02-16 23:36:37
29.7,87.5,2026-02-16 23:36:47
29.7,87.5,2026-02-16 23:36:57
29.7,87.5,2026-02-16 23:37:07
29.7,87.5,2026-02-16 23:37:17
29.7,87.5,2026-02-16 23:37:27
29.7,87.5,2026-02-16 23:37:37
29.7,87.6,2026-02-16 23:37:47
29.7,87.6,2026-02-16 23:37:57
29.7,87.6,2026-02-16 23:38:07
29.6,87.6,2026-02-16 23:38:17
29.7,87.6,2026-02-16 23:38:27
29.7,87.6,2026-02-16 23:38:37
29.7,87.6,2026-02-16 23:38:47
29.7,87.5,2026-02-16 23:38:57
29.7,87.5,2026-02-16 23:39:07
29.7,87.6,2026-02-16 23:39:17
29.7,87.6,2026-02-16 23:39:27
29.7,87.6,2026-02-16 23:39:37
29.7,87.6,2026-02-16 23:39:47
29.7,87.6,2026-02-16 23:39:57
29.7,87.6,2026-02-16 23:40:07
29.7,87.6,2026-02-16 23:40:17
29.7,87.6,2026-02-16 23:40:27
29.7,87.5,2026-02-16 23:40:37
29.7,87.6,2026-02-16 23:40:47
29.7,87.6,2026-02-16 23:40:57
29.7,87.6,2026-02-16 23:41:07
29.7,87.5,2026-02-16 23:41:17
29.7,87.6,2026-02-16 23:41:27
29.6,87.6,2026-02-16 23:41:37
29.7,87.6,2026-02-16 23:41:47
29.6,87.6,2026-02-16 23:41:57
29.6,87.6,2026-02-16 23:42:07
29.6,87.6,2026-02-16 23:42:17
29.7,87.7,2026-02-16 23:42:27
29.7,87.7,2026-02-16 23:42:37
29.7,87.6,2026-02-16 23:42:47
29.7,87.7,2026-02-16 23:42:57
29.7,87.6,2026-02-16 23:43:07
29.7,87.6,2026-02-16 23:43:17
29.7,87.6,2026-02-16 23:43:27
29.7,87.6,2026-02-16 23:43:37
29.7,87.6,2026-02-16 23:43:47
29.7,87.6,2026-02-16 23:43:57
29.7,87.6,2026-02-16 23:44:07
29.6,87.6,2026-02-16 23:44:17
29.7,87.6,2026-02-16 23:44:27
29.7,87.6,2026-02-16 23:44:37
29.7,87.5,2026-02-16 23:44:47
29.7,87.5,2026-02-16 23:44:57
29.7,87.4,2026-02-16 23:45:07
29.7,87.5,2026-02-16 23:45:17
29.7,87.4,2026-02-16 23:45:27
29.7,87.4,2026-02-16 23:45:37
29.7,87.5,2026-02-16 23:45:47
29.7,87.5,2026-02-16 23:45:57
29.7,87.5,2026-02-16 23:46:07
29.7,87.5,2026-02-16 23:46:17
29.7,87.6,2026-02-16 23:46:27
29.7,87.6,2026-02-16 23:46:37
29.7,87.6,2026-02-16 23:46:47
29.7,87.5,2026-02-16 23:46:57
29.7,87.5,2026-02-16 23:47:07
29.7,87.5,2026-02-16 23:47:17
29.7,87.5,2026-02-16 23:47:27
29.7,87.6,2026-02-16 23:47:37
29.7,87.5,2026-02-16 23:47:47
29.7,87.5,2026-02-16 23:47:57
29.7,87.5,2026-02-16 23:48:07
29.7,87.5,2026-02-16 23:48:17
29.7,87.6,2026-02-16 23:48:27
29.7,87.6,2026-02-16 23:48:37
29.7,87.6,2026-02-16 23:48:47
29.7,87.6,2026-02-16 23:48:57
29.7,87.5,2026-02-16 23:49:07
29.7,87.6,2026-02-16 23:49:17
29.7,87.5,2026-02-16 23:49:27
29.7,87.4,2026-02-16 23:49:37
29.7,87.4,2026-02-16 23:49:47
29.7,87.4,2026-02-16 23:49:57
29.7,87.4,2026-02-16 23:50:07
29.7,87.4,2026-02-16 23:50:17
29.7,87.5,2026-02-16 23:50:27
29.7,87.4,2026-02-16 23:50:37
29.7,87.4,2026-02-16 23:50:47
29.7,87.4,2026-02-16 23:50:57
29.7,87.4,2026-02-16 23:51:07
29.7,87.4,2026-02-16 23:51:17
29.7,87.4,2026-02-16 23:51:27
29.7,87.4,2026-02-16 23:51:37
29.7,87.4,2026-02-16 23:51:47
29.7,87.4,2026-02-16 23:51:57
29.6,87.5,2026-02-16 23:52:07
29.7,87.5,2026-02-16 23:52:17
29.6,87.5,2026-02-16 23:52:27
29.6,87.5,2026-02-16 23:52:37
29.6,87.6,2026-02-16 23:52:47
29.6,87.6,2026-02-16 23:52:57
29.6,87.5,2026-02-16 23:53:07
29.6,87.5,2026-02-16 23:53:17
29.6,87.5,2026-02-16 23:53:27
29.6,87.5,2026-02-16 23:53:37
29.7,87.5,2026-02-16 23:53:47
29.6,87.5,2026-02-16 23:53:57
29.7,87.5,2026-02-16 23:54:07
29.6,87.5,2026-02-16 23:54:17
29.7,87.5,2026-02-16 23:54:27
29.7,87.5,2026-02-16 23:54:37
29.7,87.5,2026-02-16 23:54:47
29.7,87.5,2026-02-16 23:54:57
29.7,87.4,2026-02-16 23:55:07
29.6,87.4,2026-02-16 23:55:17
29.7,87.4,2026-02-16 23:55:27
29.7,87.5,2026-02-16 23:55:37
29.7,87.4,2026-02-16 23:55:47
29.7,87.4,2026-02-16 23:55:57
29.7,87.5,2026-02-16 23:56:07
29.7,87.4,2026-02-16 23:56:17
29.7,87.4,2026-02-16 23:56:27
29.7,87.4,2026-02-16 23:56:37
29.7,87.3,2026-02-16 23:56:47
29.7,87.3,2026-02-16 23:56:57
29.7,87.3,2026-02-16 23:57:07
29.7,87.3,2026-02-16 23:57:17
29.7,87.3,2026-02-16 23:57:27
29.7,87.3,2026-02-16 23:57:37
29.7,87.3,2026-02-16 23:57:47
29.7,87.3,2026-02-16 23:57:57
29.7,87.3,2026-02-16 23:58:07
29.7,87.3,2026-02-16 23:58:17
29.7,87.4,2026-02-16 23:58:27
29.7,87.4,2026-02-16 23:58:37
29.7,87.4,2026-02-16 23:58:47
29.7,87.4,2026-02-16 23:58:57
29.7,87.5,2026-02-16 23:59:07
29.7,87.4,2026-02-16 23:59:17
29.7,87.3,2026-02-16 23:59:27
29.7,87.3,2026-02-16 23:59:37
29.7,87.3,2026-02-16 23:59:47
29.7,87.2,2026-02-16 23:59:57
29.8,87.2,2026-02-17 00:00:07
29.7,87.2,2026-02-17 00:00:17
29.7,87.1,2026-02-17 00:00:27
29.7,87.2,2026-02-17 00:00:37
29.7,87.2,2026-02-17 00:00:47
29.7,87.1,2026-02-17 00:00:57
29.7,87.2,2026-02-17 00:01:07
29.7,87.2,2026-02-17 00:01:17
29.7,87.3,2026-02-17 00:01:27
29.7,87.3,2026-02-17 00:01:37
29.7,87.3,2026-02-17 00:01:47
29.7,87.4,2026-02-17 00:01:57
29.7,87.4,2026-02-17 00:02:07
29.7,87.3,2026-02-17 00:02:17
29.7,87.2,2026-02-17 00:02:27
29.7,87.2,2026-02-17 00:02:37
29.7,87.2,2026-02-17 00:02:47
29.7,87.2,2026-02-17 00:02:57
29.7,87.2,2026-02-17 00:03:07
29.7,87.2,2026-02-17 00:03:17
29.7,87.2,2026-02-17 00:03:27
29.7,87.2,2026-02-17 00:03:37
29.7,87.3,2026-02-17 00:03:47
29.7,87.3,2026-02-17 00:03:57
29.7,87.3,2026-02-17 00:04:07
29.7,87.3,2026-02-17 00:04:17
29.7,87.2,2026-02-17 00:04:27
29.7,87.3,2026-02-17 00:04:37
29.7,87.3,2026-02-17 00:04:47
29.7,87.4,2026-02-17 00:04:57
29.7,87.3,2026-02-17 00:05:07
29.7,87.2,2026-02-17 00:05:17
29.7,87.2,2026-02-17 00:05:27
29.7,87.2,2026-02-17 00:05:37
29.7,87.2,2026-02-17 00:05:47
29.7,87.2,2026-02-17 00:05:57
29.7,87.2,2026-02-17 00:06:07
29.7,87.2,2026-02-17 00:06:17
29.6,87.2,2026-02-17 00:06:27
29.7,87.3,2026-02-17 00:06:37
29.7,87.3,2026-02-17 00:06:47
29.7,87.2,2026-02-17 00:06:57
29.6,87.2,2026-02-17 00:07:07
29.7,87.2,2026-02-17 00:07:17
29.6,87.3,2026-02-17 00:07:27
29.6,87.3,2026-02-17 00:07:37
29.6,87.2,2026-02-17 00:07:47
29.6,87.2,2026-02-17 00:07:57
29.7,87.2,2026-02-17 00:08:07
29.7,87.2,2026-02-17 00:08:17
29.6,87.2,2026-02-17 00:08:27
29.6,87.3,2026-02-17 00:08:37
29.6,87.3,2026-02-17 00:08:47
29.6,87.3,2026-02-17 00:08:57
29.6,87.3,2026-02-17 00:09:07
29.6,87.4,2026-02-17 00:09:17
29.6,87.4,2026-02-17 00:09:27
29.6,87.4,2026-02-17 00:09:37
29.6,87.3,2026-02-17 00:09:47
29.6,87.3,2026-02-17 00:09:57
29.6,87.3,2026-02-17 00:10:07
29.6,87.4,2026-02-17 00:10:17
29.6,87.3,2026-02-17 00:10:27
29.7,87.3,2026-02-17 00:10:37
29.7,87.3,2026-02-17 00:10:47
29.7,87.3,2026-02-17 00:10:57
29.7,87.2,2026-02-17 00:11:07
29.6,87.2,2026-02-17 00:11:17
29.7,87.3,2026-02-17 00:11:27
29.6,87.3,2026-02-17 00:11:37
29.7,87.3,2026-02-17 00:11:47
29.6,87.3,2026-02-17 00:11:57
29.6,87.4,2026-02-17 00:12:07
29.6,87.4,2026-02-17 00:12:17
29.6,87.4,2026-02-17 00:12:27
29.6,87.4,2026-02-17 00:12:37
29.6,87.4,2026-02-17 00:12:47
29.6,87.4,2026-02-17 00:12:57
29.6,87.4,2026-02-17 00:13:07
29.6,87.4,2026-02-17 00:13:17
29.6,87.4,2026-02-17 00:13:27
29.6,87.4,2026-02-17 00:13:37
29.6,87.4,2026-02-17 00:13:47
29.6,87.5,2026-02-17 00:13:57
29.6,87.4,2026-02-17 00:14:07
29.6,87.4,2026-02-17 00:14:17
29.6,87.4,2026-02-17 00:14:27
29.6,87.4,2026-02-17 00:14:37
29.6,87.4,2026-02-17 00:14:47
29.6,87.4,2026-02-17 00:14:57
29.6,87.4,2026-02-17 00:15:07
29.6,87.4,2026-02-17 00:15:17
29.6,87.4,2026-02-17 00:15:27
29.6,87.4,2026-02-17 00:15:37
29.6,87.4,2026-02-17 00:15:47
29.6,87.4,2026-02-17 00:15:57
29.6,87.4,2026-02-17 00:16:07
29.6,87.4,2026-02-17 00:16:17
29.6,87.4,2026-02-17 00:16:27
29.6,87.4,2026-02-17 00:16:37
29.6,87.3,2026-02-17 00:16:47
29.6,87.3,2026-02-17 00:16:57
29.6,87.3,2026-02-17 00:17:07
29.6,87.3,2026-02-17 00:17:17
29.6,87.4,2026-02-17 00:17:27
29.6,87.4,2026-02-17 00:17:37
29.6,87.4,2026-02-17 00:17:47
29.6,87.4,2026-02-17 00:17:57
29.6,87.5,2026-02-17 00:18:07
29.6,87.5,2026-02-17 00:18:17
29.6,87.5,2026-02-17 00:18:27
29.6,87.4,2026-02-17 00:18:37
29.6,87.4,2026-02-17 00:18:47
29.6,87.4,2026-02-17 00:18:57
29.6,87.3,2026-02-17 00:19:07
29.6,87.3,2026-02-17 00:19:17
29.6,87.4,2026-02-17 00:19:27
29.6,87.4,2026-02-17 00:19:37
29.6,87.3,2026-02-17 00:19:47
29.6,87.3,2026-02-17 00:19:57
29.6,87.3,2026-02-17 00:20:07
29.6,87.3,2026-02-17 00:20:17
29.6,87.3,2026-02-17 00:20:27
29.6,87.4,2026-02-17 00:20:37
29.6,87.4,2026-02-17 00:20:47
29.6,87.4,2026-02-17 00:20:57
29.6,87.4,2026-02-17 00:21:07
29.6,87.4,2026-02-17 00:21:17
29.6,87.5,2026-02-17 00:21:27
29.6,87.5,2026-02-17 00:21:37
29.6,87.5,2026-02-17 00:21:47
29.6,87.5,2026-02-17 00:21:57
29.5,87.5,2026-02-17 00:22:07
29.5,87.5,2026-02-17 00:22:17
29.5,87.6,2026-02-17 00:22:27
29.6,87.6,2026-02-17 00:22:37
29.5,87.5,2026-02-17 00:22:47
29.6,87.5,2026-02-17 00:22:57
29.6,87.5,2026-02-17 00:23:07
29.6,87.4,2026-02-17 00:23:17
29.6,87.4,2026-02-17 00:23:27
29.6,87.4,2026-02-17 00:23:37
29.6,87.4,2026-02-17 00:23:47
29.6,87.4,2026-02-17 00:23:57
29.6,87.4,2026-02-17 00:24:07
29.6,87.4,2026-02-17 00:24:17
29.6,87.5,2026-02-17 00:24:27
29.6,87.5,2026-02-17 00:24:37
29.6,87.5,2026-02-17 00:24:47
29.6,87.5,2026-02-17 00:24:57
29.6,87.4,2026-02-17 00:25:07
29.6,87.4,2026-02-17 00:25:17
29.6,87.4,2026-02-17 00:25:27
29.6,87.4,2026-02-17 00:25:37
29.6,87.4,2026-02-17 00:25:47
29.6,87.4,2026-02-17 00:25:57
29.6,87.5,2026-02-17 00:26:07
29.6,87.5,2026-02-17 00:26:17
29.5,87.5,2026-02-17 00:26:27
29.5,87.5,2026-02-17 00:26:37
29.5,87.5,2026-02-17 00:26:47
29.5,87.5,2026-02-17 00:26:57
29.6,87.5,2026-02-17 00:27:07
29.5,87.5,2026-02-17 00:27:17
29.5,87.6,2026-02-17 00:27:27
29.5,87.6,2026-02-17 00:27:37
29.5,87.6,2026-02-17 00:27:47
29.5,87.6,2026-02-17 00:27:57
29.5,87.6,2026-02-17 00:28:07
29.5,87.6,2026-02-17 00:28:17
29.5,87.6,2026-02-17 00:28:27
29.5,87.6,2026-02-17 00:28:37
29.5,87.5,2026-02-17 00:28:47
29.5,87.6,2026-02-17 00:28:57
29.5,87.6,2026-02-17 00:29:07
29.5,87.6,2026-02-17 00:29:17
29.5,87.6,2026-02-17 00:29:27
29.5,87.5,2026-02-17 00:29:37
29.5,87.5,2026-02-17 00:29:47
29.5,87.5,2026-02-17 00:29:57
29.5,87.6,2026-02-17 00:30:07
29.5,87.6,2026-02-17 00:30:17
29.5,87.6,2026-02-17 00:30:27
29.5,87.5,2026-02-17 00:30:37
29.5,87.5,2026-02-17 00:30:47
29.5,87.5,2026-02-17 00:30:57
29.5,87.5,2026-02-17 00:31:07
29.5,87.5,2026-02-17 00:31:17
29.5,87.6,2026-02-17 00:31:27
29.5,87.6,2026-02-17 00:31:37
29.5,87.6,2026-02-17 00:31:47
29.5,87.6,2026-02-17 00:31:57
29.5,87.6,2026-02-17 00:32:07
29.5,87.6,2026-02-17 00:32:17
29.5,87.7,2026-02-17 00:32:27
29.5,87.6,2026-02-17 00:32:37
29.5,87.5,2026-02-17 00:32:47
29.5,87.4,2026-02-17 00:32:57
29.5,87.4,2026-02-17 00:33:07
29.5,87.4,2026-02-17 00:33:17
29.5,87.4,2026-02-17 00:33:27
29.5,87.4,2026-02-17 00:33:37
29.5,87.4,2026-02-17 00:33:47
29.5,87.4,2026-02-17 00:33:57
29.5,87.4,2026-02-17 00:34:07
29.5,87.4,2026-02-17 00:34:17
29.5,87.5,2026-02-17 00:34:27
29.5,87.5,2026-02-17 00:34:37
29.5,87.4,2026-02-17 00:34:47
29.6,87.5,2026-02-17 00:34:57
29.6,87.4,2026-02-17 00:35:07
29.6,87.3,2026-02-17 00:35:17
29.6,87.3,2026-02-17 00:35:27
29.6,87.2,2026-02-17 00:35:37
29.6,87.2,2026-02-17 00:35:47
29.6,87.3,2026-02-17 00:35:57
29.5,87.3,2026-02-17 00:36:07
29.5,87.3,2026-02-17 00:36:17
29.5,87.3,2026-02-17 00:36:27
29.5,87.3,2026-02-17 00:36:37
29.5,87.4,2026-02-17 00:36:47
29.5,87.3,2026-02-17 00:36:57
29.5,87.4,2026-02-17 00:37:07
29.5,87.4,2026-02-17 00:37:17
29.5,87.4,2026-02-17 00:37:27
29.5,87.4,2026-02-17 00:37:37
29.5,87.5,2026-02-17 00:37:47
29.5,87.4,2026-02-17 00:37:57
29.5,87.4,2026-02-17 00:38:07
29.5,87.4,2026-02-17 00:38:17
29.5,87.5,2026-02-17 00:38:27
29.5,87.4,2026-02-17 00:38:37
29.5,87.4,2026-02-17 00:38:47
29.5,87.4,2026-02-17 00:38:57
29.5,87.4,2026-02-17 00:39:07
29.5,87.4,2026-02-17 00:39:17
29.5,87.3,2026-02-17 00:39:27
29.5,87.3,2026-02-17 00:39:37
29.5,87.3,2026-02-17 00:39:47
29.5,87.3,2026-02-17 00:39:57
29.5,87.3,2026-02-17 00:40:07
29.5,87.3,2026-02-17 00:40:17
29.5,87.3,2026-02-17 00:40:27
29.5,87.3,2026-02-17 00:40:37
29.5,87.3,2026-02-17 00:40:47
29.5,87.3,2026-02-17 00:40:57
29.5,87.3,2026-02-17 00:41:07
29.5,87.3,2026-02-17 00:41:17
29.5,87.3,2026-02-17 00:41:27
29.5,87.4,2026-02-17 00:41:37
29.5,87.3,2026-02-17 00:41:47
29.5,87.3,2026-02-17 00:41:57
29.5,87.3,2026-02-17 00:42:07
29.5,87.3,2026-02-17 00:42:17
29.5,87.3,2026-02-17 00:42:27
29.5,87.3,2026-02-17 00:42:37
29.5,87.4,2026-02-17 00:42:47
29.5,87.4,2026-02-17 00:42:57
29.5,87.5,2026-02-17 00:43:07
29.5,87.5,2026-02-17 00:43:17
29.5,87.5,2026-02-17 00:43:27
29.5,87.4,2026-02-17 00:43:37
29.5,87.4,2026-02-17 00:43:47
29.5,87.4,2026-02-17 00:43:57
29.5,87.4,2026-02-17 00:44:07
29.5,87.4,2026-02-17 00:44:17
29.5,87.4,2026-02-17 00:44:27
29.5,87.4,2026-02-17 00:44:37
29.5,87.5,2026-02-17 00:44:47
29.5,87.5,2026-02-17 00:44:57
29.5,87.5,2026-02-17 00:45:07
29.5,87.5,2026-02-17 00:45:17
29.5,87.4,2026-02-17 00:45:27
29.5,87.4,2026-02-17 00:45:37
29.5,87.5,2026-02-17 00:45:47
29.5,87.5,2026-02-17 00:45:57
29.5,87.5,2026-02-17 00:46:07
29.5,87.5,2026-02-17 00:46:17
29.5,87.5,2026-02-17 00:46:27
29.5,87.4,2026-02-17 00:46:37
29.5,87.4,2026-02-17 00:46:47
29.5,87.5,2026-02-17 00:46:57
29.5,87.5,2026-02-17 00:47:07
29.5,87.5,2026-02-17 00:47:17
29.5,87.5,2026-02-17 00:47:27
29.5,87.5,2026-02-17 00:47:37
29.5,87.5,2026-02-17 00:47:47
29.5,87.5,2026-02-17 00:47:57
29.5,87.4,2026-02-17 00:48:07
29.5,87.4,2026-02-17 00:48:17
29.5,87.4,2026-02-17 00:48:27
29.5,87.5,2026-02-17 00:48:37
29.5,87.4,2026-02-17 00:48:47
29.5,87.4,2026-02-17 00:48:57
29.5,87.5,2026-02-17 00:49:07
29.5,87.4,2026-02-17 00:49:17
29.5,87.4,2026-02-17 00:49:27
29.5,87.4,2026-02-17 00:49:37
29.5,87.5,2026-02-17 00:49:47
29.4,87.5,2026-02-17 00:49:57
29.5,87.5,2026-02-17 00:50:07
29.5,87.5,2026-02-17 00:50:17
29.5,87.4,2026-02-17 00:50:27
29.4,87.4,2026-02-17 00:50:37
29.5,87.5,2026-02-17 00:50:47
29.5,87.4,2026-02-17 00:50:57
29.5,87.4,2026-02-17 00:51:07
29.5,87.4,2026-02-17 00:51:17
29.5,87.4,2026-02-17 00:51:27
29.5,87.3,2026-02-17 00:51:37
29.5,87.3,2026-02-17 00:51:47
29.5,87.4,2026-02-17 00:51:57
29.5,87.4,2026-02-17 00:52:07
29.5,87.4,2026-02-17 00:52:17
29.5,87.4,2026-02-17 00:52:27
29.4,87.4,2026-02-17 00:52:37
29.5,87.4,2026-02-17 00:52:47
29.5,87.4,2026-02-17 00:52:57
29.4,87.4,2026-02-17 00:53:07
29.5,87.5,2026-02-17 00:53:17
29.5,87.5,2026-02-17 00:53:27
29.5,87.5,2026-02-17 00:53:37
29.4,87.5,2026-02-17 00:53:47
29.4,87.5,2026-02-17 00:53:57
29.4,87.5,2026-02-17 00:54:07
29.4,87.5,2026-02-17 00:54:17
29.4,87.5,2026-02-17 00:54:27
29.4,87.6,2026-02-17 00:54:37
29.4,87.6,2026-02-17 00:54:47
29.4,87.5,2026-02-17 00:54:57
29.4,87.5,2026-02-17 00:55:07
29.4,87.6,2026-02-17 00:55:17
29.4,87.6,2026-02-17 00:55:27
29.4,87.5,2026-02-17 00:55:37
29.4,87.6,2026-02-17 00:55:47
29.4,87.6,2026-02-17 00:55:57
29.4,87.6,2026-02-17 00:56:07
29.4,87.6,2026-02-17 00:56:17
29.4,87.7,2026-02-17 00:56:27
29.4,87.7,2026-02-17 00:56:37
29.4,87.7,2026-02-17 00:56:47
29.4,87.7,2026-02-17 00:56:57
29.4,87.7,2026-02-17 00:57:07
29.4,87.7,2026-02-17 00:57:17
29.4,87.7,2026-02-17 00:57:27
29.4,87.7,2026-02-17 00:57:37
29.4,87.7,2026-02-17 00:57:47
29.4,87.7,2026-02-17 00:57:57
29.4,87.6,2026-02-17 00:58:07
29.4,87.6,2026-02-17 00:58:17
29.4,87.6,2026-02-17 00:58:27
29.4,87.6,2026-02-17 00:58:37
29.4,87.6,2026-02-17 00:58:47
29.4,87.6,2026-02-17 00:58:57
29.4,87.6,2026-02-17 00:59:07
29.4,87.6,2026-02-17 00:59:17
29.4,87.6,2026-02-17 00:59:27
29.4,87.7,2026-02-17 00:59:37
29.4,87.7,2026-02-17 00:59:47
29.4,87.7,2026-02-17 00:59:57
29.4,87.7,2026-02-17 01:00:07
29.4,87.7,2026-02-17 01:00:17
29.4,87.7,2026-02-17 01:00:27
29.4,87.7,2026-02-17 01:00:37
29.4,87.7,2026-02-17 01:00:47
29.4,87.7,2026-02-17 01:00:57
29.4,87.6,2026-02-17 01:01:07
29.4,87.6,2026-02-17 01:01:17
29.4,87.6,2026-02-17 01:01:27
29.4,87.6,2026-02-17 01:01:37
29.4,87.6,2026-02-17 01:01:47
29.4,87.6,2026-02-17 01:01:57
29.4,87.6,2026-02-17 01:02:07
29.4,87.6,2026-02-17 01:02:17
29.4,87.6,2026-02-17 01:02:27
29.4,87.6,2026-02-17 01:02:37
29.4,87.5,2026-02-17 01:02:47
29.4,87.5,2026-02-17 01:02:57
29.4,87.5,2026-02-17 01:03:07
29.4,87.5,2026-02-17 01:03:17
29.4,87.5,2026-02-17 01:03:27
29.4,87.5,2026-02-17 01:03:37
29.4,87.6,2026-02-17 01:03:47
29.4,87.5,2026-02-17 01:03:57
29.4,87.6,2026-02-17 01:04:07
29.4,87.6,2026-02-17 01:04:17
29.4,87.6,2026-02-17 01:04:27
29.4,87.6,2026-02-17 01:04:37
29.4,87.5,2026-02-17 01:04:47
29.5,87.5,2026-02-17 01:04:57
29.4,87.5,2026-02-17 01:05:07
29.5,87.4,2026-02-17 01:05:17
29.5,87.4,2026-02-17 01:05:27
29.5,87.3,2026-02-17 01:05:37
29.5,87.3,2026-02-17 01:05:47
29.5,87.3,2026-02-17 01:05:57
29.5,87.4,2026-02-17 01:06:07
29.5,87.4,2026-02-17 01:06:17
29.5,87.3,2026-02-17 01:06:27
29.5,87.4,2026-02-17 01:06:37
29.5,87.3,2026-02-17 01:06:47
29.5,87.3,2026-02-17 01:06:57
29.5,87.3,2026-02-17 01:07:07
29.5,87.3,2026-02-17 01:07:17
29.4,87.4,2026-02-17 01:07:27
29.4,87.4,2026-02-17 01:07:37
29.4,87.4,2026-02-17 01:07:47
29.4,87.4,2026-02-17 01:07:57
29.4,87.5,2026-02-17 01:08:07
29.4,87.4,2026-02-17 01:08:17
29.4,87.4,2026-02-17 01:08:27
29.5,87.4,2026-02-17 01:08:37
29.5,87.4,2026-02-17 01:08:47
29.5,87.4,2026-02-17 01:08:57
29.5,87.3,2026-02-17 01:09:07
29.5,87.3,2026-02-17 01:09:17
29.5,87.3,2026-02-17 01:09:27
29.4,87.3,2026-02-17 01:09:37
29.5,87.3,2026-02-17 01:09:47
29.4,87.3,2026-02-17 01:09:57
29.4,87.3,2026-02-17 01:10:07
29.4,87.3,2026-02-17 01:10:17
29.4,87.3,2026-02-17 01:10:27
29.4,87.3,2026-02-17 01:10:37
29.4,87.4,2026-02-17 01:10:47
29.4,87.4,2026-02-17 01:10:57
29.4,87.4,2026-02-17 01:11:07
29.4,87.4,2026-02-17 01:11:17
29.4,87.4,2026-02-17 01:11:27
29.4,87.4,2026-02-17 01:11:37
29.4,87.4,2026-02-17 01:11:47
29.4,87.4,2026-02-17 01:11:57
29.4,87.4,2026-02-17 01:12:07
29.4,87.4,2026-02-17 01:12:17
29.4,87.4,2026-02-17 01:12:27
29.4,87.5,2026-02-17 01:12:37
29.4,87.5,2026-02-17 01:12:47
29.4,87.5,2026-02-17 01:12:57
29.4,87.5,2026-02-17 01:13:07
29.4,87.5,2026-02-17 01:13:17
29.4,87.4,2026-02-17 01:13:27
29.4,87.4,2026-02-17 01:13:37
29.4,87.4,2026-02-17 01:13:47
29.4,87.5,2026-02-17 01:13:57
29.4,87.5,2026-02-17 01:14:07
29.4,87.5,2026-02-17 01:14:17
29.4,87.4,2026-02-17 01:14:27
29.4,87.4,2026-02-17 01:14:37
29.4,87.3,2026-02-17 01:14:47
29.4,87.3,2026-02-17 01:14:57
29.4,87.3,2026-02-17 01:15:07
29.4,87.3,2026-02-17 01:15:17
29.4,87.2,2026-02-17 01:15:27
29.4,87.3,2026-02-17 01:15:37
29.4,87.3,2026-02-17 01:15:47
29.4,87.3,2026-02-17 01:15:57
29.4,87.3,2026-02-17 01:16:07
29.4,87.3,2026-02-17 01:16:17
29.4,87.3,2026-02-17 01:16:27
29.4,87.4,2026-02-17 01:16:37
29.4,87.3,2026-02-17 01:16:47
29.4,87.3,2026-02-17 01:16:57
29.4,87.3,2026-02-17 01:17:07
29.4,87.4,2026-02-17 01:17:17
29.4,87.3,2026-02-17 01:17:27
29.4,87.3,2026-02-17 01:17:37
29.4,87.3,2026-02-17 01:17:47
29.4,87.3,2026-02-17 01:17:57
29.4,87.4,2026-02-17 01:18:07
29.4,87.3,2026-02-17 01:18:17
29.4,87.3,2026-02-17 01:18:27
29.4,87.4,2026-02-17 01:18:37
29.4,87.4,2026-02-17 01:18:47
29.4,87.3,2026-02-17 01:18:57
29.4,87.3,2026-02-17 01:19:07
29.4,87.3,2026-02-17 01:19:17
29.4,87.3,2026-02-17 01:19:27
29.4,87.3,2026-02-17 01:19:37
29.4,87.3,2026-02-17 01:19:47
29.4,87.3,2026-02-17 01:19:57
29.4,87.3,2026-02-17 01:20:07
29.4,87.3,2026-02-17 01:20:17
29.4,87.3,2026-02-17 01:20:27
29.4,87.4,2026-02-17 01:20:37
29.4,87.4,2026-02-17 01:20:47
29.4,87.4,2026-02-17 01:20:57
29.4,87.5,2026-02-17 01:21:07
29.4,87.4,2026-02-17 01:21:17
29.3,87.4,2026-02-17 01:21:27
29.4,87.4,2026-02-17 01:21:37
29.4,87.4,2026-02-17 01:21:47
29.4,87.5,2026-02-17 01:21:57
29.4,87.5,2026-02-17 01:22:07
29.4,87.4,2026-02-17 01:22:17
29.4,87.4,2026-02-17 01:22:27
29.4,87.4,2026-02-17 01:22:37
29.4,87.4,2026-02-17 01:22:47
29.4,87.5,2026-02-17 01:22:57
29.4,87.5,2026-02-17 01:23:07
29.4,87.5,2026-02-17 01:23:17
29.4,87.4,2026-02-17 01:23:27
29.4,87.4,2026-02-17 01:23:37
29.4,87.3,2026-02-17 01:23:47
29.4,87.4,2026-02-17 01:23:57
29.4,87.4,2026-02-17 01:24:07
29.4,87.4,2026-02-17 01:24:17
29.4,87.3,2026-02-17 01:24:27
29.4,87.3,2026-02-17 01:24:37
29.4,87.3,2026-02-17 01:24:47
29.4,87.3,2026-02-17 01:24:57
29.4,87.3,2026-02-17 01:25:07
29.4,87.3,2026-02-17 01:25:17
29.4,87.2,2026-02-17 01:25:27
29.4,87.2,2026-02-17 01:25:37
29.4,87.3,2026-02-17 01:25:47
29.4,87.3,2026-02-17 01:25:57
29.4,87.3,2026-02-17 01:26:07
29.4,87.3,2026-02-17 01:26:17
29.4,87.3,2026-02-17 01:26:27
29.4,87.3,2026-02-17 01:26:37
29.4,87.2,2026-02-17 01:26:47
29.4,87.2,2026-02-17 01:26:57
29.4,87.3,2026-02-17 01:27:07
29.4,87.2,2026-02-17 01:27:17
29.4,87.3,2026-02-17 01:27:27
29.4,87.3,2026-02-17 01:27:37
29.4,87.3,2026-02-17 01:27:47
29.4,87.3,2026-02-17 01:27:57
29.4,87.2,2026-02-17 01:28:07
29.4,87.3,2026-02-17 01:28:17
29.4,87.3,2026-02-17 01:28:27
29.4,87.3,2026-02-17 01:28:37
29.4,87.4,2026-02-17 01:28:47
29.4,87.4,2026-02-17 01:28:57
29.4,87.4,2026-02-17 01:29:07
29.4,87.4,2026-02-17 01:29:17
29.4,87.3,2026-02-17 01:29:27
29.4,87.3,2026-02-17 01:29:37
29.4,87.3,2026-02-17 01:29:47
29.4,87.3,2026-02-17 01:29:57
29.4,87.3,2026-02-17 01:30:07
29.4,87.3,2026-02-17 01:30:17
29.4,87.3,2026-02-17 01:30:27
29.4,87.3,2026-02-17 01:30:37
29.4,87.3,2026-02-17 01:30:47
29.4,87.3,2026-02-17 01:30:57
29.4,87.3,2026-02-17 01:31:07
29.4,87.3,2026-02-17 01:31:17
29.4,87.2,2026-02-17 01:31:27
29.4,87.2,2026-02-17 01:31:37
29.4,87.2,2026-02-17 01:31:47
29.4,87.2,2026-02-17 01:31:57
29.4,87.2,2026-02-17 01:32:07
29.4,87.2,2026-02-17 01:32:17
29.4,87.2,2026-02-17 01:32:27
29.4,87.3,2026-02-17 01:32:37
29.4,87.3,2026-02-17 01:32:47
29.4,87.3,2026-02-17 01:32:57
29.4,87.3,2026-02-17 01:33:07
29.4,87.3,2026-02-17 01:33:17
29.4,87.4,2026-02-17 01:33:27
29.4,87.3,2026-02-17 01:33:37
29.4,87.3,2026-02-17 01:33:47
29.4,87.3,2026-02-17 01:33:57
29.4,87.3,2026-02-17 01:34:07
29.4,87.3,2026-02-17 01:34:17
29.4,87.3,2026-02-17 01:34:27
29.4,87.3,2026-02-17 01:34:37
29.4,87.3,2026-02-17 01:34:47
29.4,87.3,2026-02-17 01:34:57
29.4,87.3,2026-02-17 01:35:07
29.4,87.3,2026-02-17 01:35:17
29.4,87.3,2026-02-17 01:35:27
29.4,87.2,2026-02-17 01:35:37
29.4,87.2,2026-02-17 01:35:47
29.4,87.2,2026-02-17 01:35:57
29.4,87.2,2026-02-17 01:36:07
29.4,87.2,2026-02-17 01:36:17
29.4,87.2,2026-02-17 01:36:27
29.4,87.1,2026-02-17 01:36:37
29.4,87.0,2026-02-17 01:36:47
29.5,87.0,2026-02-17 01:36:57
29.5,87.0,2026-02-17 01:37:07
29.5,87.0,2026-02-17 01:37:17
29.5,87.0,2026-02-17 01:37:27
29.4,87.0,2026-02-17 01:37:37
29.5,87.0,2026-02-17 01:37:47
29.5,87.0,2026-02-17 01:37:57
29.5,87.0,2026-02-17 01:38:07
29.5,87.0,2026-02-17 01:38:17
29.5,87.0,2026-02-17 01:38:27
29.5,87.0,2026-02-17 01:38:37
29.4,87.0,2026-02-17 01:38:47
29.4,87.0,2026-02-17 01:38:57
29.4,87.0,2026-02-17 01:39:07
29.4,87.0,2026-02-17 01:39:17
29.4,87.1,2026-02-17 01:39:27
29.4,87.2,2026-02-17 01:39:37
29.4,87.2,2026-02-17 01:39:47
29.4,87.2,2026-02-17 01:39:57
29.4,87.2,2026-02-17 01:40:07
29.4,87.2,2026-02-17 01:40:17
29.4,87.1,2026-02-17 01:40:27
29.4,87.1,2026-02-17 01:40:37
29.4,87.1,2026-02-17 01:40:47
29.4,87.2,2026-02-17 01:40:57
29.4,87.2,2026-02-17 01:41:07
29.4,87.1,2026-02-17 01:41:17
29.4,87.1,2026-02-17 01:41:27
29.4,87.0,2026-02-17 01:41:37
29.4,87.1,2026-02-17 01:41:47
29.4,87.1,2026-02-17 01:41:57
29.4,87.1,2026-02-17 01:42:07
29.5,87.1,2026-02-17 01:42:17
29.4,87.1,2026-02-17 01:42:27
29.4,87.1,2026-02-17 01:42:37
29.4,87.1,2026-02-17 01:42:47
29.4,87.1,2026-02-17 01:42:57
29.4,87.2,2026-02-17 01:43:07
29.4,87.1,2026-02-17 01:43:17
29.4,87.1,2026-02-17 01:43:27
29.4,87.1,2026-02-17 01:43:37
29.4,87.1,2026-02-17 01:43:47
29.5,87.2,2026-02-17 01:43:57
29.4,87.2,2026-02-17 01:44:07
29.4,87.2,2026-02-17 01:44:17
29.4,87.2,2026-02-17 01:44:27
29.4,87.2,2026-02-17 01:44:37
29.4,87.2,2026-02-17 01:44:47
29.4,87.1,2026-02-17 01:44:57
29.4,87.1,2026-02-17 01:45:07
29.4,87.2,2026-02-17 01:45:17
29.4,87.1,2026-02-17 01:45:27
29.4,87.2,2026-02-17 01:45:37
29.4,87.2,2026-02-17 01:45:47
29.4,87.2,2026-02-17 01:45:57
29.4,87.2,2026-02-17 01:46:07
29.4,87.2,2026-02-17 01:46:17
29.4,87.2,2026-02-17 01:46:27
29.4,87.2,2026-02-17 01:46:37
29.4,87.2,2026-02-17 01:46:47
29.4,87.2,2026-02-17 01:46:57
29.4,87.3,2026-02-17 01:47:07
29.4,87.3,2026-02-17 01:47:17
29.4,87.3,2026-02-17 01:47:27
29.4,87.2,2026-02-17 01:47:37
29.4,87.3,2026-02-17 01:47:47
29.4,87.2,2026-02-17 01:47:57
29.4,87.2,2026-02-17 01:48:07
29.4,87.2,2026-02-17 01:48:17
29.4,87.2,2026-02-17 01:48:27
29.4,87.1,2026-02-17 01:48:37
29.4,87.1,2026-02-17 01:48:47
29.4,87.1,2026-02-17 01:48:57
29.4,87.2,2026-02-17 01:49:07
29.4,87.2,2026-02-17 01:49:17
29.4,87.2,2026-02-17 01:49:28
29.4,87.1,2026-02-17 01:49:37
29.4,87.1,2026-02-17 01:49:47
29.4,87.1,2026-02-17 01:49:58
29.4,87.1,2026-02-17 01:50:08
29.4,87.0,2026-02-17 01:50:18
29.4,87.0,2026-02-17 01:50:28
29.4,87.0,2026-02-17 01:50:38
29.4,87.0,2026-02-17 01:50:48
29.4,86.9,2026-02-17 01:50:58
29.4,87.0,2026-02-17 01:51:08
29.5,86.9,2026-02-17 01:51:18
29.5,86.9,2026-02-17 01:51:28
29.4,86.8,2026-02-17 01:51:38
29.4,86.9,2026-02-17 01:51:48
29.4,86.9,2026-02-17 01:51:58
29.4,86.9,2026-02-17 01:52:08
29.4,86.9,2026-02-17 01:52:18
29.4,86.9,2026-02-17 01:52:28
29.4,86.9,2026-02-17 01:52:38
29.4,86.9,2026-02-17 01:52:48
29.4,86.9,2026-02-17 01:52:58
29.4,86.9,2026-02-17 01:53:08
29.4,86.9,2026-02-17 01:53:18
29.4,86.9,2026-02-17 01:53:28
29.4,86.9,2026-02-17 01:53:38
29.4,86.9,2026-02-17 01:53:48
29.4,86.9,2026-02-17 01:53:58
29.4,86.9,2026-02-17 01:54:08
29.4,87.0,2026-02-17 01:54:18
29.4,87.0,2026-02-17 01:54:28
29.4,87.0,2026-02-17 01:54:38
29.4,87.0,2026-02-17 01:54:48
29.4,87.0,2026-02-17 01:54:58
29.4,87.0,2026-02-17 01:55:08
29.4,87.0,2026-02-17 01:55:18
29.4,87.0,2026-02-17 01:55:28
29.4,87.0,2026-02-17 01:55:38
29.4,87.0,2026-02-17 01:55:48
29.4,87.0,2026-02-17 01:55:58
29.4,87.1,2026-02-17 01:56:08
29.4,87.0,2026-02-17 01:56:18
29.4,86.9,2026-02-17 01:56:28
29.4,86.9,2026-02-17 01:56:38
29.4,86.9,2026-02-17 01:56:48
29.4,86.9,2026-02-17 01:56:58
29.4,87.0,2026-02-17 01:57:08
29.4,86.9,2026-02-17 01:57:18
29.4,86.9,2026-02-17 01:57:28
29.4,86.9,2026-02-17 01:57:38
29.4,86.9,2026-02-17 01:57:48
29.4,86.8,2026-02-17 01:57:58
29.4,86.8,2026-02-17 01:58:08
29.4,86.9,2026-02-17 01:58:18
29.4,86.9,2026-02-17 01:58:28
29.4,86.8,2026-02-17 01:58:38
29.4,86.8,2026-02-17 01:58:48
29.4,86.9,2026-02-17 01:58:58
29.4,86.9,2026-02-17 01:59:08
29.4,86.9,2026-02-17 01:59:18
29.4,86.9,2026-02-17 01:59:28
29.4,86.9,2026-02-17 01:59:38
29.4,86.9,2026-02-17 01:59:48
29.4,86.9,2026-02-17 01:59:58
29.4,87.0,2026-02-17 02:00:08
29.4,87.0,2026-02-17 02:00:18
29.4,87.0,2026-02-17 02:00:28
29.4,87.0,2026-02-17 02:00:38
29.3,87.0,2026-02-17 02:00:48
29.3,87.1,2026-02-17 02:00:58
29.3,87.1,2026-02-17 02:01:08
29.3,87.1,2026-02-17 02:01:18
29.3,87.1,2026-02-17 02:01:28
29.3,87.1,2026-02-17 02:01:38
29.3,87.1,2026-02-17 02:01:48
29.4,87.1,2026-02-17 02:01:58
29.4,87.1,2026-02-17 02:02:08
29.4,87.1,2026-02-17 02:02:18
29.4,87.1,2026-02-17 02:02:28
29.4,87.0,2026-02-17 02:02:38
29.4,87.0,2026-02-17 02:02:48
29.4,87.0,2026-02-17 02:02:58
29.4,87.0,2026-02-17 02:03:08
29.4,87.0,2026-02-17 02:03:18
29.4,87.0,2026-02-17 02:03:28
29.4,86.9,2026-02-17 02:03:38
29.4,87.0,2026-02-17 02:03:48
29.4,86.9,2026-02-17 02:03:58
29.4,86.9,2026-02-17 02:04:08
29.4,86.9,2026-02-17 02:04:18
29.4,86.9,2026-02-17 02:04:28
29.4,86.9,2026-02-17 02:04:38
29.4,86.9,2026-02-17 02:04:48
29.4,87.0,2026-02-17 02:04:58
29.4,87.0,2026-02-17 02:05:08
29.4,87.0,2026-02-17 02:05:18
29.4,87.0,2026-02-17 02:05:28
29.3,87.0,2026-02-17 02:05:38
29.3,87.0,2026-02-17 02:05:48
29.3,87.1,2026-02-17 02:05:58
29.3,87.1,2026-02-17 02:06:08
29.3,87.0,2026-02-17 02:06:18
29.3,87.0,2026-02-17 02:06:28
29.3,87.1,2026-02-17 02:06:38
29.3,87.1,2026-02-17 02:06:48
29.3,87.1,2026-02-17 02:06:58
29.3,87.1,2026-02-17 02:07:08
29.3,87.2,2026-02-17 02:07:18
29.3,87.1,2026-02-17 02:07:28
29.3,87.1,2026-02-17 02:07:38
29.3,87.2,2026-02-17 02:07:48
29.3,87.1,2026-02-17 02:07:58
29.3,87.1,2026-02-17 02:08:08
29.3,87.1,2026-02-17 02:08:18
29.3,87.1,2026-02-17 02:08:28
29.4,87.1,2026-02-17 02:08:38
29.3,87.0,2026-02-17 02:08:48
29.4,87.0,2026-02-17 02:08:58
29.3,87.0,2026-02-17 02:09:08
29.3,87.0,2026-02-17 02:09:18
29.3,87.1,2026-02-17 02:09:28
29.3,87.1,2026-02-17 02:09:38
29.3,87.1,2026-02-17 02:09:48
29.3,87.1,2026-02-17 02:09:58
29.3,87.1,2026-02-17 02:10:08
29.4,87.1,2026-02-17 02:10:18
29.4,87.1,2026-02-17 02:10:28
29.4,87.0,2026-02-17 02:10:38
29.4,87.0,2026-02-17 02:10:48
29.4,87.0,2026-02-17 02:10:58
29.4,86.9,2026-02-17 02:11:08
29.4,86.9,2026-02-17 02:11:18
29.4,86.9,2026-02-17 02:11:28
29.4,86.9,2026-02-17 02:11:38
29.4,86.9,2026-02-17 02:11:48
29.4,86.8,2026-02-17 02:11:58
29.4,86.8,2026-02-17 02:12:08
29.4,86.9,2026-02-17 02:12:18
29.4,86.8,2026-02-17 02:12:28
29.4,86.8,2026-02-17 02:12:38
29.4,86.8,2026-02-17 02:12:48
29.4,86.9,2026-02-17 02:12:58
29.4,86.8,2026-02-17 02:13:08
29.4,86.9,2026-02-17 02:13:18
29.4,86.9,2026-02-17 02:13:28
29.4,86.9,2026-02-17 02:13:38
29.4,86.9,2026-02-17 02:13:48
29.3,87.0,2026-02-17 02:13:58
29.3,87.0,2026-02-17 02:14:08
29.3,87.0,2026-02-17 02:14:18
29.4,87.0,2026-02-17 02:14:28
29.3,87.0,2026-02-17 02:14:38
29.3,87.0,2026-02-17 02:14:48
29.3,87.0,2026-02-17 02:14:58
29.3,87.1,2026-02-17 02:15:08
29.4,87.0,2026-02-17 02:15:18
29.3,87.1,2026-02-17 02:15:28
29.3,87.0,2026-02-17 02:15:38
29.4,87.0,2026-02-17 02:15:48
29.3,87.0,2026-02-17 02:15:58
29.4,87.0,2026-02-17 02:16:08
29.4,87.0,2026-02-17 02:16:18
29.4,87.0,2026-02-17 02:16:28
29.4,87.0,2026-02-17 02:16:38
29.4,86.9,2026-02-17 02:16:48
29.4,86.9,2026-02-17 02:16:58
29.4,86.8,2026-02-17 02:17:08
29.4,86.8,2026-02-17 02:17:18
29.4,86.8,2026-02-17 02:17:28
29.4,86.8,2026-02-17 02:17:38
29.4,86.9,2026-02-17 02:17:48
29.3,86.9,2026-02-17 02:17:58
29.4,86.9,2026-02-17 02:18:08
29.3,87.0,2026-02-17 02:18:18
29.3,86.9,2026-02-17 02:18:28
29.3,86.9,2026-02-17 02:18:38
29.4,86.9,2026-02-17 02:18:48
29.3,86.9,2026-02-17 02:18:58
29.3,86.9,2026-02-17 02:19:08
29.4,87.0,2026-02-17 02:19:18
29.4,87.0,2026-02-17 02:19:28
29.4,86.9,2026-02-17 02:19:38
29.4,86.9,2026-02-17 02:19:48
29.3,86.9,2026-02-17 02:19:58
29.4,86.8,2026-02-17 02:20:08
29.4,86.9,2026-02-17 02:20:18
29.4,86.9,2026-02-17 02:20:28
29.4,86.9,2026-02-17 02:20:38
29.3,86.8,2026-02-17 02:20:48
29.4,86.8,2026-02-17 02:20:58
29.4,86.8,2026-02-17 02:21:08
29.4,86.8,2026-02-17 02:21:18
29.4,86.8,2026-02-17 02:21:28
29.4,86.8,2026-02-17 02:21:38
29.4,86.8,2026-02-17 02:21:48
29.4,86.7,2026-02-17 02:21:58
29.4,86.7,2026-02-17 02:22:08
29.4,86.7,2026-02-17 02:22:18
29.4,86.7,2026-02-17 02:22:28
29.4,86.6,2026-02-17 02:22:38
29.4,86.6,2026-02-17 02:22:48
29.4,86.6,2026-02-17 02:22:58
29.4,86.7,2026-02-17 02:23:08
29.4,86.7,2026-02-17 02:23:18
29.4,86.7,2026-02-17 02:23:28
29.4,86.7,2026-02-17 02:23:38
29.4,86.8,2026-02-17 02:23:48
29.3,86.8,2026-02-17 02:23:58
29.4,86.7,2026-02-17 02:24:08
29.4,86.8,2026-02-17 02:24:18
29.3,86.8,2026-02-17 02:24:28
29.4,86.8,2026-02-17 02:24:38
29.3,86.8,2026-02-17 02:24:48
29.3,86.9,2026-02-17 02:24:58
29.3,86.9,2026-02-17 02:25:08
29.3,86.9,2026-02-17 02:25:18
29.3,86.9,2026-02-17 02:25:28
29.3,87.0,2026-02-17 02:25:38
29.4,87.0,2026-02-17 02:25:48
29.3,87.0,2026-02-17 02:25:58
29.3,86.9,2026-02-17 02:26:08
29.4,86.9,2026-02-17 02:26:18
29.3,86.9,2026-02-17 02:26:28
29.3,86.9,2026-02-17 02:26:38
29.3,86.9,2026-02-17 02:26:48
29.3,86.8,2026-02-17 02:26:58
29.3,86.8,2026-02-17 02:27:08
29.3,86.8,2026-02-17 02:27:18
29.3,86.7,2026-02-17 02:27:28
29.3,86.8,2026-02-17 02:27:38
29.4,86.7,2026-02-17 02:27:48
29.4,86.8,2026-02-17 02:27:58
29.4,86.8,2026-02-17 02:28:08
29.3,86.8,2026-02-17 02:28:18
29.3,86.8,2026-02-17 02:28:28
29.3,86.8,2026-02-17 02:28:38
29.3,86.8,2026-02-17 02:28:48
29.3,86.8,2026-02-17 02:28:58
29.3,86.8,2026-02-17 02:29:08
29.3,86.8,2026-02-17 02:29:18
29.4,86.8,2026-02-17 02:29:28
29.3,86.8,2026-02-17 02:29:38
29.3,86.8,2026-02-17 02:29:48
29.3,86.9,2026-02-17 02:29:58
29.3,86.9,2026-02-17 02:30:08
29.3,87.0,2026-02-17 02:30:18
29.3,86.9,2026-02-17 02:30:28
29.3,86.9,2026-02-17 02:30:38
29.3,86.9,2026-02-17 02:30:48
29.3,86.9,2026-02-17 02:30:58
29.3,86.9,2026-02-17 02:31:08
29.3,86.9,2026-02-17 02:31:18
29.3,87.0,2026-02-17 02:31:28
29.3,86.9,2026-02-17 02:31:38
29.3,86.9,2026-02-17 02:31:48
29.3,87.0,2026-02-17 02:31:58
29.3,87.0,2026-02-17 02:32:08
29.3,87.0,2026-02-17 02:32:18
29.3,86.9,2026-02-17 02:32:28
29.3,86.9,2026-02-17 02:32:38
29.3,86.9,2026-02-17 02:32:48
29.4,86.9,2026-02-17 02:32:58
29.4,86.7,2026-02-17 02:33:08
29.4,86.7,2026-02-17 02:33:18
29.4,86.7,2026-02-17 02:33:28
29.4,86.7,2026-02-17 02:33:38
29.4,86.7,2026-02-17 02:33:48
29.4,86.6,2026-02-17 02:33:58
29.4,86.6,2026-02-17 02:34:08
29.4,86.6,2026-02-17 02:34:18
29.4,86.7,2026-02-17 02:34:28
29.4,86.7,2026-02-17 02:34:38
29.4,86.6,2026-02-17 02:34:48
29.4,86.7,2026-02-17 02:34:58
29.4,86.7,2026-02-17 02:35:08
29.4,86.7,2026-02-17 02:35:18
29.3,86.7,2026-02-17 02:35:28
29.3,86.7,2026-02-17 02:35:38
29.3,86.7,2026-02-17 02:35:48
29.3,86.7,2026-02-17 02:35:58
29.3,86.8,2026-02-17 02:36:08
29.3,86.8,2026-02-17 02:36:18
29.3,86.7,2026-02-17 02:36:28
29.3,86.8,2026-02-17 02:36:38
29.3,86.8,2026-02-17 02:36:48
29.3,86.8,2026-02-17 02:36:58
29.3,86.8,2026-02-17 02:37:08
29.3,86.8,2026-02-17 02:37:18
29.3,86.8,2026-02-17 02:37:28
29.3,86.8,2026-02-17 02:37:38
29.3,86.8,2026-02-17 02:37:48
29.3,86.8,2026-02-17 02:37:58
29.3,86.9,2026-02-17 02:38:08
29.3,86.9,2026-02-17 02:38:18
29.3,86.9,2026-02-17 02:38:28
29.3,86.9,2026-02-17 02:38:38
29.3,86.9,2026-02-17 02:38:48
29.3,86.9,2026-02-17 02:38:58
29.3,86.9,2026-02-17 02:39:08
29.3,86.9,2026-02-17 02:39:18
29.3,86.9,2026-02-17 02:39:28
29.3,86.9,2026-02-17 02:39:38
29.3,86.9,2026-02-17 02:39:48
29.3,86.9,2026-02-17 02:39:58
29.3,86.9,2026-02-17 02:40:08
29.3,86.9,2026-02-17 02:40:18
29.3,86.9,2026-02-17 02:40:28
29.3,86.9,2026-02-17 02:40:38
29.3,86.9,2026-02-17 02:40:48
29.3,86.9,2026-02-17 02:40:58
29.3,86.9,2026-02-17 02:41:08
29.3,86.9,2026-02-17 02:41:18
29.3,86.9,2026-02-17 02:41:28
29.3,86.9,2026-02-17 02:41:38
29.3,86.9,2026-02-17 02:41:48
29.3,86.9,2026-02-17 02:41:58
29.3,86.9,2026-02-17 02:42:08
29.3,86.9,2026-02-17 02:42:18
29.3,86.9,2026-02-17 02:42:28
29.4,86.8,2026-02-17 02:42:38
29.4,86.8,2026-02-17 02:42:48
29.3,86.7,2026-02-17 02:42:58
29.4,86.7,2026-02-17 02:43:08
29.4,86.7,2026-02-17 02:43:18
29.3,86.7,2026-02-17 02:43:28
29.4,86.6,2026-02-17 02:43:38
29.3,86.7,2026-02-17 02:43:48
29.3,86.7,2026-02-17 02:43:58
29.3,86.7,2026-02-17 02:44:08
29.3,86.7,2026-02-17 02:44:18
29.3,86.8,2026-02-17 02:44:28
29.3,86.8,2026-02-17 02:44:38
29.3,86.8,2026-02-17 02:44:48
29.3,86.8,2026-02-17 02:44:58
29.3,86.8,2026-02-17 02:45:08
29.3,86.8,2026-02-17 02:45:18
29.3,86.8,2026-02-17 02:45:28
29.3,86.9,2026-02-17 02:45:38
29.3,86.9,2026-02-17 02:45:48
29.3,86.8,2026-02-17 02:45:58
29.3,86.8,2026-02-17 02:46:08
29.3,86.8,2026-02-17 02:46:18
29.3,86.8,2026-02-17 02:46:28
29.3,86.8,2026-02-17 02:46:38
29.3,86.8,2026-02-17 02:46:48
29.3,86.8,2026-02-17 02:46:58
29.3,86.7,2026-02-17 02:47:08
29.3,86.6,2026-02-17 02:47:18
29.3,86.6,2026-02-17 02:47:28
29.3,86.6,2026-02-17 02:47:38
29.3,86.7,2026-02-17 02:47:48
29.3,86.6,2026-02-17 02:47:58
29.3,86.7,2026-02-17 02:48:08
29.3,86.7,2026-02-17 02:48:18
29.3,86.7,2026-02-17 02:48:28
29.3,86.7,2026-02-17 02:48:38
29.3,86.7,2026-02-17 02:48:48
29.3,86.6,2026-02-17 02:48:58
29.3,86.7,2026-02-17 02:49:08
29.3,86.7,2026-02-17 02:49:18
29.3,86.7,2026-02-17 02:49:28
29.3,86.8,2026-02-17 02:49:38
29.3,86.7,2026-02-17 02:49:48
29.3,86.8,2026-02-17 02:49:58
29.3,86.8,2026-02-17 02:50:08
29.3,86.8,2026-02-17 02:50:18
29.3,86.8,2026-02-17 02:50:28
29.3,86.9,2026-02-17 02:50:38
29.3,86.9,2026-02-17 02:50:48
29.3,86.8,2026-02-17 02:50:58
29.3,86.8,2026-02-17 02:51:08
29.3,86.8,2026-02-17 02:51:18
29.3,86.8,2026-02-17 02:51:28
29.3,86.8,2026-02-17 02:51:38
29.3,86.8,2026-02-17 02:51:48
29.3,86.7,2026-02-17 02:51:58
29.3,86.7,2026-02-17 02:52:08
29.3,86.7,2026-02-17 02:52:18
29.3,86.7,2026-02-17 02:52:28
29.3,86.6,2026-02-17 02:52:38
29.3,86.6,2026-02-17 02:52:48
29.3,86.5,2026-02-17 02:52:58
29.3,86.6,2026-02-17 02:53:08
29.3,86.7,2026-02-17 02:53:18
29.3,86.6,2026-02-17 02:53:28
29.3,86.6,2026-02-17 02:53:38
29.3,86.6,2026-02-17 02:53:48
29.3,86.6,2026-02-17 02:53:58
29.3,86.7,2026-02-17 02:54:08
29.3,86.7,2026-02-17 02:54:18
29.3,86.7,2026-02-17 02:54:28
29.3,86.7,2026-02-17 02:54:38
29.3,86.7,2026-02-17 02:54:48
29.3,86.8,2026-02-17 02:54:58
29.3,86.7,2026-02-17 02:55:08
29.3,86.7,2026-02-17 02:55:18
29.3,86.7,2026-02-17 02:55:28
29.3,86.6,2026-02-17 02:55:38
29.3,86.6,2026-02-17 02:55:48
29.3,86.7,2026-02-17 02:55:58
29.3,86.7,2026-02-17 02:56:08
29.3,86.6,2026-02-17 02:56:18
29.3,86.6,2026-02-17 02:56:28
29.3,86.6,2026-02-17 02:56:38
29.3,86.7,2026-02-17 02:56:48
29.3,86.7,2026-02-17 02:56:58
29.3,86.7,2026-02-17 02:57:08
29.3,86.6,2026-02-17 02:57:18
29.3,86.7,2026-02-17 02:57:28
29.3,86.7,2026-02-17 02:57:38
29.3,86.7,2026-02-17 02:57:48
29.3,86.7,2026-02-17 02:57:58
29.3,86.7,2026-02-17 02:58:08
29.3,86.6,2026-02-17 02:58:18
29.3,86.7,2026-02-17 02:58:28
29.4,86.6,2026-02-17 02:58:38
29.3,86.6,2026-02-17 02:58:48
29.3,86.5,2026-02-17 02:58:58
29.3,86.6,2026-02-17 02:59:08
29.3,86.5,2026-02-17 02:59:18
29.3,86.6,2026-02-17 02:59:28
29.3,86.7,2026-02-17 02:59:38
29.3,86.6,2026-02-17 02:59:48
29.3,86.7,2026-02-17 02:59:58
29.3,86.7,2026-02-17 03:00:08
29.3,86.7,2026-02-17 03:00:18
29.3,86.7,2026-02-17 03:00:28
29.2,86.7,2026-02-17 03:00:38
29.3,86.8,2026-02-17 03:00:48
29.2,86.8,2026-02-17 03:00:58
29.2,86.9,2026-02-17 03:01:08
29.3,86.9,2026-02-17 03:01:18
29.3,86.8,2026-02-17 03:01:28
29.2,86.8,2026-02-17 03:01:38
29.2,86.8,2026-02-17 03:01:48
29.2,86.8,2026-02-17 03:01:58
29.2,86.9,2026-02-17 03:02:08
29.2,86.9,2026-02-17 03:02:18
29.2,86.9,2026-02-17 03:02:28
29.2,86.9,2026-02-17 03:02:38
29.2,87.0,2026-02-17 03:02:48
29.2,86.9,2026-02-17 03:02:58
29.2,86.9,2026-02-17 03:03:08
29.2,86.9,2026-02-17 03:03:18
29.2,86.9,2026-02-17 03:03:28
29.2,86.9,2026-02-17 03:03:38
29.2,86.9,2026-02-17 03:03:48
29.2,86.9,2026-02-17 03:03:58
29.2,86.9,2026-02-17 03:04:08
29.3,86.9,2026-02-17 03:04:18
29.2,86.8,2026-02-17 03:04:28
29.2,86.8,2026-02-17 03:04:38
29.2,86.8,2026-02-17 03:04:48
29.2,86.8,2026-02-17 03:04:58
29.3,86.8,2026-02-17 03:05:08
29.3,86.8,2026-02-17 03:05:18
29.3,86.8,2026-02-17 03:05:28
29.2,86.8,2026-02-17 03:05:38
29.3,86.8,2026-02-17 03:05:48
29.3,86.8,2026-02-17 03:05:58
29.3,86.8,2026-02-17 03:06:08
29.3,86.8,2026-02-17 03:06:18
29.3,86.7,2026-02-17 03:06:28
29.3,86.7,2026-02-17 03:06:38
29.3,86.7,2026-02-17 03:06:48
29.3,86.7,2026-02-17 03:06:58
29.2,86.8,2026-02-17 03:07:08
29.2,86.8,2026-02-17 03:07:18
29.2,86.8,2026-02-17 03:07:28
29.2,86.8,2026-02-17 03:07:38
29.2,86.8,2026-02-17 03:07:48
29.2,86.8,2026-02-17 03:07:58
29.2,86.8,2026-02-17 03:08:08
29.2,86.9,2026-02-17 03:08:18
29.2,86.9,2026-02-17 03:08:28
29.2,86.9,2026-02-17 03:08:38
29.2,86.9,2026-02-17 03:08:48
29.2,86.9,2026-02-17 03:08:58
29.2,86.9,2026-02-17 03:09:08
29.2,86.9,2026-02-17 03:09:18
29.2,86.9,2026-02-17 03:09:28
29.2,86.9,2026-02-17 03:09:38
29.2,86.9,2026-02-17 03:09:48
29.2,86.9,2026-02-17 03:09:58
29.2,86.8,2026-02-17 03:10:08
29.2,86.9,2026-02-17 03:10:18
29.2,86.8,2026-02-17 03:10:28
29.2,86.8,2026-02-17 03:10:38
29.3,86.8,2026-02-17 03:10:48
29.3,86.8,2026-02-17 03:10:58
29.3,86.7,2026-02-17 03:11:08
29.3,86.8,2026-02-17 03:11:18
29.3,86.7,2026-02-17 03:11:28
29.3,86.7,2026-02-17 03:11:38
29.3,86.7,2026-02-17 03:11:48
29.3,86.7,2026-02-17 03:11:58
29.2,86.7,2026-02-17 03:12:08
29.3,86.7,2026-02-17 03:12:18
29.2,86.7,2026-02-17 03:12:28
29.2,86.7,2026-02-17 03:12:38
29.2,86.7,2026-02-17 03:12:48
29.2,86.7,2026-02-17 03:12:58
29.2,86.8,2026-02-17 03:13:08
29.2,86.8,2026-02-17 03:13:18
29.2,86.8,2026-02-17 03:13:28
29.2,86.8,2026-02-17 03:13:38
29.2,86.9,2026-02-17 03:13:48
29.3,86.8,2026-02-17 03:13:58
29.2,86.8,2026-02-17 03:14:08
29.2,86.8,2026-02-17 03:14:18
29.2,86.8,2026-02-17 03:14:28
29.2,86.8,2026-02-17 03:14:38
29.2,86.8,2026-02-17 03:14:48
29.2,86.8,2026-02-17 03:14:58
29.2,86.8,2026-02-17 03:15:08
29.3,86.8,2026-02-17 03:15:18
29.3,86.7,2026-02-17 03:15:28
29.2,86.8,2026-02-17 03:15:38
29.3,86.8,2026-02-17 03:15:48
29.3,86.7,2026-02-17 03:15:58
29.3,86.7,2026-02-17 03:16:08
29.3,86.7,2026-02-17 03:16:18
29.3,86.7,2026-02-17 03:16:28
29.3,86.7,2026-02-17 03:16:38
29.3,86.7,2026-02-17 03:16:48
29.3,86.6,2026-02-17 03:16:58
29.3,86.6,2026-02-17 03:17:08
29.3,86.7,2026-02-17 03:17:18
29.2,86.7,2026-02-17 03:17:28
29.2,86.7,2026-02-17 03:17:38
29.2,86.7,2026-02-17 03:17:48
29.2,86.8,2026-02-17 03:17:58
29.2,86.8,2026-02-17 03:18:08
29.2,86.9,2026-02-17 03:18:18
29.3,86.9,2026-02-17 03:18:28
29.2,86.8,2026-02-17 03:18:38
29.2,86.9,2026-02-17 03:18:48
29.2,86.9,2026-02-17 03:18:58
29.2,86.8,2026-02-17 03:19:08
29.2,86.8,2026-02-17 03:19:18
29.2,86.8,2026-02-17 03:19:28
29.2,86.8,2026-02-17 03:19:38
29.2,86.9,2026-02-17 03:19:48
29.2,86.9,2026-02-17 03:19:58
29.2,87.0,2026-02-17 03:20:08
29.2,87.0,2026-02-17 03:20:18
29.2,86.9,2026-02-17 03:20:28
29.2,86.9,2026-02-17 03:20:38
29.2,86.9,2026-02-17 03:20:48
29.2,86.9,2026-02-17 03:20:58
29.2,86.9,2026-02-17 03:21:08
29.2,86.9,2026-02-17 03:21:18
29.2,86.9,2026-02-17 03:21:28
29.2,86.9,2026-02-17 03:21:38
29.2,86.9,2026-02-17 03:21:48
29.2,86.9,2026-02-17 03:21:58
29.2,87.0,2026-02-17 03:22:08
29.2,86.9,2026-02-17 03:22:18
29.2,86.9,2026-02-17 03:22:28
29.2,86.9,2026-02-17 03:22:38
29.2,86.9,2026-02-17 03:22:48
29.2,86.9,2026-02-17 03:22:58
29.2,86.9,2026-02-17 03:23:08
29.2,86.8,2026-02-17 03:23:18
29.2,86.9,2026-02-17 03:23:28
29.2,86.9,2026-02-17 03:23:38
29.2,86.9,2026-02-17 03:23:48
29.2,86.9,2026-02-17 03:23:58
29.2,86.9,2026-02-17 03:24:08
29.2,86.9,2026-02-17 03:24:18
29.2,86.9,2026-02-17 03:24:28
29.2,86.9,2026-02-17 03:24:38
29.2,86.9,2026-02-17 03:24:48
29.2,86.9,2026-02-17 03:24:58
29.2,86.9,2026-02-17 03:25:08
29.2,86.9,2026-02-17 03:25:18
29.2,86.8,2026-02-17 03:25:28
29.2,86.9,2026-02-17 03:25:38
29.2,86.9,2026-02-17 03:25:48
29.2,86.9,2026-02-17 03:25:58
29.2,86.9,2026-02-17 03:26:08
29.2,86.9,2026-02-17 03:26:18
29.2,86.9,2026-02-17 03:26:28
29.2,86.9,2026-02-17 03:26:38
29.2,86.9,2026-02-17 03:26:48
29.2,87.0,2026-02-17 03:26:58
29.2,87.0,2026-02-17 03:27:08
29.2,87.0,2026-02-17 03:27:18
29.1,87.0,2026-02-17 03:27:28
29.2,87.0,2026-02-17 03:27:38
29.1,87.0,2026-02-17 03:27:48
29.1,87.0,2026-02-17 03:27:58
29.1,87.0,2026-02-17 03:28:08
29.2,87.0,2026-02-17 03:28:18
29.2,87.0,2026-02-17 03:28:28
29.2,87.0,2026-02-17 03:28:38
29.2,86.9,2026-02-17 03:28:48
29.1,86.9,2026-02-17 03:28:58
29.2,86.9,2026-02-17 03:29:08
29.2,86.9,2026-02-17 03:29:18
29.2,87.0,2026-02-17 03:29:28
29.2,87.0,2026-02-17 03:29:38
29.2,87.0,2026-02-17 03:29:48
29.1,87.0,2026-02-17 03:29:58
29.2,87.0,2026-02-17 03:30:08
29.1,87.0,2026-02-17 03:30:18
29.1,87.0,2026-02-17 03:30:28
29.1,87.0,2026-02-17 03:30:38
29.2,87.0,2026-02-17 03:30:48
29.1,87.0,2026-02-17 03:30:58
29.1,87.0,2026-02-17 03:31:08
29.1,87.0,2026-02-17 03:31:18
29.1,87.0,2026-02-17 03:31:28
29.1,87.0,2026-02-17 03:31:38
29.1,87.0,2026-02-17 03:31:48
29.1,87.0,2026-02-17 03:31:58
29.1,87.0,2026-02-17 03:32:08
29.1,87.0,2026-02-17 03:32:18
29.1,87.1,2026-02-17 03:32:28
29.1,87.1,2026-02-17 03:32:38
29.1,87.1,2026-02-17 03:32:48
29.1,87.1,2026-02-17 03:32:58
29.1,87.1,2026-02-17 03:33:08
29.1,87.1,2026-02-17 03:33:18
29.1,87.1,2026-02-17 03:33:28
29.1,87.1,2026-02-17 03:33:38
29.1,87.1,2026-02-17 03:33:48
29.1,87.0,2026-02-17 03:33:58
29.1,87.0,2026-02-17 03:34:08
29.1,87.1,2026-02-17 03:34:18
29.1,87.1,2026-02-17 03:34:28
29.1,87.1,2026-02-17 03:34:38
29.1,87.1,2026-02-17 03:34:48
29.1,87.1,2026-02-17 03:34:58
29.1,87.1,2026-02-17 03:35:08
29.1,87.0,2026-02-17 03:35:18
29.1,87.0,2026-02-17 03:35:28
29.1,87.0,2026-02-17 03:35:38
29.1,87.0,2026-02-17 03:35:48
29.1,87.0,2026-02-17 03:35:58
29.1,87.0,2026-02-17 03:36:08
29.1,87.0,2026-02-17 03:36:18
29.1,87.0,2026-02-17 03:36:28
29.1,87.0,2026-02-17 03:36:38
29.1,87.0,2026-02-17 03:36:48
29.1,87.0,2026-02-17 03:36:58
29.1,87.0,2026-02-17 03:37:08
29.1,87.0,2026-02-17 03:37:18
29.1,87.0,2026-02-17 03:37:28
29.1,87.0,2026-02-17 03:37:38
29.1,87.0,2026-02-17 03:37:48
29.1,87.0,2026-02-17 03:37:58
29.1,87.0,2026-02-17 03:38:08
29.1,87.0,2026-02-17 03:38:18
29.1,87.0,2026-02-17 03:38:28
29.1,87.0,2026-02-17 03:38:38
29.1,87.0,2026-02-17 03:38:48
29.2,86.9,2026-02-17 03:38:58
29.1,86.9,2026-02-17 03:39:08
29.1,86.9,2026-02-17 03:39:18
29.1,86.9,2026-02-17 03:39:28
29.1,86.9,2026-02-17 03:39:38
29.1,86.9,2026-02-17 03:39:48
29.1,86.9,2026-02-17 03:39:58
29.1,86.9,2026-02-17 03:40:08
29.1,87.0,2026-02-17 03:40:18
29.1,87.0,2026-02-17 03:40:28
29.1,87.0,2026-02-17 03:40:38
29.1,87.0,2026-02-17 03:40:48
29.1,87.0,2026-02-17 03:40:58
29.2,87.0,2026-02-17 03:41:08
29.2,87.0,2026-02-17 03:41:18
29.1,87.0,2026-02-17 03:41:28
29.1,87.0,2026-02-17 03:41:38
29.1,87.0,2026-02-17 03:41:48
29.1,87.0,2026-02-17 03:41:58
29.1,86.9,2026-02-17 03:42:08
29.2,87.0,2026-02-17 03:42:18
29.2,86.9,2026-02-17 03:42:28
29.1,86.9,2026-02-17 03:42:38
29.1,87.0,2026-02-17 03:42:48
29.2,87.0,2026-02-17 03:42:58
29.1,87.0,2026-02-17 03:43:08
29.1,87.0,2026-02-17 03:43:18
29.1,87.0,2026-02-17 03:43:28
29.1,87.0,2026-02-17 03:43:38
29.2,86.9,2026-02-17 03:43:48
29.2,86.9,2026-02-17 03:43:58
29.1,86.9,2026-02-17 03:44:08
29.1,86.9,2026-02-17 03:44:18
29.1,87.0,2026-02-17 03:44:28
29.1,87.0,2026-02-17 03:44:38
29.1,86.9,2026-02-17 03:44:48
29.1,87.0,2026-02-17 03:44:58
29.1,87.0,2026-02-17 03:45:08
29.1,87.0,2026-02-17 03:45:18
29.1,86.9,2026-02-17 03:45:28
29.1,87.0,2026-02-17 03:45:38
29.1,86.9,2026-02-17 03:45:48
29.1,86.9,2026-02-17 03:45:58
29.2,86.9,2026-02-17 03:46:08
29.2,86.9,2026-02-17 03:46:18
29.2,86.9,2026-02-17 03:46:28
29.2,86.8,2026-02-17 03:46:38
29.2,86.8,2026-02-17 03:46:48
29.2,86.7,2026-02-17 03:46:58
29.2,86.7,2026-02-17 03:47:08
29.2,86.7,2026-02-17 03:47:18
29.2,86.7,2026-02-17 03:47:28
29.2,86.7,2026-02-17 03:47:38
29.2,86.7,2026-02-17 03:47:48
29.2,86.7,2026-02-17 03:47:58
29.2,86.7,2026-02-17 03:48:08
29.2,86.7,2026-02-17 03:48:18
29.2,86.6,2026-02-17 03:48:28
29.2,86.6,2026-02-17 03:48:38
29.2,86.6,2026-02-17 03:48:48
29.2,86.6,2026-02-17 03:48:58
29.2,86.6,2026-02-17 03:49:08
29.2,86.6,2026-02-17 03:49:18
29.2,86.6,2026-02-17 03:49:28
29.2,86.7,2026-02-17 03:49:38
29.2,86.7,2026-02-17 03:49:48
29.2,86.7,2026-02-17 03:49:58
29.1,86.7,2026-02-17 03:50:08
29.2,86.7,2026-02-17 03:50:18
29.1,86.7,2026-02-17 03:50:28
29.2,86.8,2026-02-17 03:50:38
29.1,86.8,2026-02-17 03:50:48
29.1,86.8,2026-02-17 03:50:58
29.1,86.8,2026-02-17 03:51:08
29.1,86.8,2026-02-17 03:51:18
29.2,86.9,2026-02-17 03:51:28
29.1,86.8,2026-02-17 03:51:38
29.1,86.8,2026-02-17 03:51:48
29.1,86.8,2026-02-17 03:51:58
29.1,86.9,2026-02-17 03:52:08
29.1,86.9,2026-02-17 03:52:18
29.1,86.8,2026-02-17 03:52:28
29.2,86.8,2026-02-17 03:52:38
29.1,86.8,2026-02-17 03:52:48
29.1,86.8,2026-02-17 03:52:58
29.1,86.8,2026-02-17 03:53:08
29.1,86.9,2026-02-17 03:53:18
29.1,86.9,2026-02-17 03:53:28
29.1,86.9,2026-02-17 03:53:38
29.1,86.9,2026-02-17 03:53:48
29.2,86.8,2026-02-17 03:53:58
29.2,86.8,2026-02-17 03:54:08
29.2,86.8,2026-02-17 03:54:18
29.2,86.7,2026-02-17 03:54:28
29.2,86.7,2026-02-17 03:54:38
29.2,86.7,2026-02-17 03:54:48
29.2,86.7,2026-02-17 03:54:58
29.2,86.7,2026-02-17 03:55:08
29.2,86.7,2026-02-17 03:55:18
29.2,86.7,2026-02-17 03:55:28
29.2,86.7,2026-02-17 03:55:38
29.2,86.7,2026-02-17 03:55:48
29.2,86.7,2026-02-17 03:55:58
29.2,86.7,2026-02-17 03:56:08
29.2,86.7,2026-02-17 03:56:18
29.2,86.6,2026-02-17 03:56:28
29.2,86.6,2026-02-17 03:56:38
29.2,86.6,2026-02-17 03:56:48
29.2,86.6,2026-02-17 03:56:58
29.1,86.7,2026-02-17 03:57:08
29.2,86.7,2026-02-17 03:57:18
29.1,86.7,2026-02-17 03:57:28
29.1,86.7,2026-02-17 03:57:38
29.1,86.7,2026-02-17 03:57:48
29.1,86.8,2026-02-17 03:57:58
29.1,86.8,2026-02-17 03:58:08
29.1,86.8,2026-02-17 03:58:18
29.1,86.8,2026-02-17 03:58:28
29.1,86.8,2026-02-17 03:58:38
29.1,86.8,2026-02-17 03:58:48
29.1,86.8,2026-02-17 03:58:58
29.1,86.9,2026-02-17 03:59:08
29.1,86.9,2026-02-17 03:59:18
29.1,86.9,2026-02-17 03:59:28
29.1,86.9,2026-02-17 03:59:38
29.1,86.8,2026-02-17 03:59:48
29.1,86.9,2026-02-17 03:59:58
29.1,86.9,2026-02-17 04:00:08
29.1,86.8,2026-02-17 04:00:18
29.1,86.9,2026-02-17 04:00:28
29.1,86.9,2026-02-17 04:00:38
29.1,86.9,2026-02-17 04:00:48
29.1,86.8,2026-02-17 04:00:58
29.1,86.9,2026-02-17 04:01:08
29.1,86.9,2026-02-17 04:01:18
29.1,86.9,2026-02-17 04:01:28
29.1,86.8,2026-02-17 04:01:38
29.1,86.8,2026-02-17 04:01:48
29.1,86.8,2026-02-17 04:01:58
29.1,86.8,2026-02-17 04:02:08
29.1,86.8,2026-02-17 04:02:18
29.1,86.9,2026-02-17 04:02:28
29.1,86.9,2026-02-17 04:02:38
29.1,86.9,2026-02-17 04:02:48
29.1,86.9,2026-02-17 04:02:58
29.1,86.9,2026-02-17 04:03:08
29.1,86.9,2026-02-17 04:03:18
29.1,86.9,2026-02-17 04:03:28
29.1,86.9,2026-02-17 04:03:38
29.1,86.9,2026-02-17 04:03:48
29.1,86.9,2026-02-17 04:03:58
29.1,86.9,2026-02-17 04:04:08
29.1,87.0,2026-02-17 04:04:18
29.1,86.9,2026-02-17 04:04:28
29.1,86.9,2026-02-17 04:04:38
29.1,86.9,2026-02-17 04:04:48
29.1,86.8,2026-02-17 04:04:58
29.1,86.9,2026-02-17 04:05:08
29.1,86.9,2026-02-17 04:05:18
29.1,86.9,2026-02-17 04:05:28
29.1,86.9,2026-02-17 04:05:38
29.1,86.9,2026-02-17 04:05:48
29.1,86.9,2026-02-17 04:05:58
29.1,86.8,2026-02-17 04:06:08
29.1,86.8,2026-02-17 04:06:18
29.1,86.8,2026-02-17 04:06:28
29.1,86.8,2026-02-17 04:06:38
29.1,86.8,2026-02-17 04:06:48
29.1,86.7,2026-02-17 04:06:58
29.1,86.7,2026-02-17 04:07:08
29.1,86.7,2026-02-17 04:07:18
29.1,86.8,2026-02-17 04:07:28
29.1,86.8,2026-02-17 04:07:38
29.1,86.7,2026-02-17 04:07:48
29.1,86.7,2026-02-17 04:07:58
29.1,86.7,2026-02-17 04:08:08
29.2,86.7,2026-02-17 04:08:18
29.1,86.6,2026-02-17 04:08:28
29.1,86.6,2026-02-17 04:08:38
29.1,86.6,2026-02-17 04:08:48
29.1,86.6,2026-02-17 04:08:58
29.1,86.6,2026-02-17 04:09:08
29.1,86.6,2026-02-17 04:09:18
29.1,86.7,2026-02-17 04:09:28
29.1,86.7,2026-02-17 04:09:38
29.1,86.7,2026-02-17 04:09:48
29.1,86.7,2026-02-17 04:09:58
29.1,86.7,2026-02-17 04:10:08
29.1,86.8,2026-02-17 04:10:18
29.1,86.8,2026-02-17 04:10:28
29.1,86.8,2026-02-17 04:10:38
29.1,86.8,2026-02-17 04:10:48
29.1,86.8,2026-02-17 04:10:58
29.1,86.8,2026-02-17 04:11:08
29.1,86.8,2026-02-17 04:11:18
29.1,86.8,2026-02-17 04:11:28
29.1,86.8,2026-02-17 04:11:38
29.1,86.7,2026-02-17 04:11:48
29.1,86.7,2026-02-17 04:11:58
29.1,86.7,2026-02-17 04:12:08
29.1,86.7,2026-02-17 04:12:18
29.1,86.7,2026-02-17 04:12:28
29.1,86.7,2026-02-17 04:12:38
29.1,86.8,2026-02-17 04:12:48
29.1,86.7,2026-02-17 04:12:58
29.1,86.7,2026-02-17 04:13:08
29.1,86.7,2026-02-17 04:13:18
29.1,86.7,2026-02-17 04:13:28
29.1,86.7,2026-02-17 04:13:38
29.1,86.7,2026-02-17 04:13:48
29.1,86.7,2026-02-17 04:13:58
29.1,86.7,2026-02-17 04:14:08
29.1,86.7,2026-02-17 04:14:18
29.1,86.7,2026-02-17 04:14:28
29.1,86.7,2026-02-17 04:14:38
29.1,86.8,2026-02-17 04:14:48
29.1,86.8,2026-02-17 04:14:58
29.1,86.8,2026-02-17 04:15:08
29.1,86.8,2026-02-17 04:15:18
29.1,86.8,2026-02-17 04:15:28
29.1,86.8,2026-02-17 04:15:38
29.1,86.8,2026-02-17 04:15:48
29.1,86.7,2026-02-17 04:15:58
29.1,86.8,2026-02-17 04:16:08
29.1,86.7,2026-02-17 04:16:18
29.1,86.7,2026-02-17 04:16:28
29.1,86.7,2026-02-17 04:16:38
29.1,86.7,2026-02-17 04:16:48
29.1,86.7,2026-02-17 04:16:58
29.1,86.7,2026-02-17 04:17:08
29.1,86.7,2026-02-17 04:17:18
29.1,86.7,2026-02-17 04:17:28
29.1,86.8,2026-02-17 04:17:38
29.1,86.8,2026-02-17 04:17:48
29.1,86.7,2026-02-17 04:17:58
29.1,86.8,2026-02-17 04:18:08
29.1,86.7,2026-02-17 04:18:18
29.1,86.8,2026-02-17 04:18:28
29.1,86.8,2026-02-17 04:18:38
29.0,86.8,2026-02-17 04:18:48
29.1,86.9,2026-02-17 04:18:58
29.0,86.9,2026-02-17 04:19:08
29.0,86.9,2026-02-17 04:19:18
29.1,86.9,2026-02-17 04:19:28
29.1,86.9,2026-02-17 04:19:38
29.1,86.8,2026-02-17 04:19:48
29.1,86.8,2026-02-17 04:19:58
29.1,86.8,2026-02-17 04:20:08
29.1,86.8,2026-02-17 04:20:18
29.1,86.8,2026-02-17 04:20:28
29.1,86.8,2026-02-17 04:20:38
29.1,86.9,2026-02-17 04:20:48
29.1,86.8,2026-02-17 04:20:58
29.1,86.9,2026-02-17 04:21:08
29.1,86.9,2026-02-17 04:21:18
29.1,86.9,2026-02-17 04:21:28
29.1,86.9,2026-02-17 04:21:38
29.1,86.9,2026-02-17 04:21:48
29.1,86.9,2026-02-17 04:21:58
29.1,86.9,2026-02-17 04:22:08
29.1,86.8,2026-02-17 04:22:18
29.1,86.8,2026-02-17 04:22:28
29.1,86.8,2026-02-17 04:22:38
29.1,86.8,2026-02-17 04:22:48
29.1,86.8,2026-02-17 04:22:58
29.1,86.8,2026-02-17 04:23:08
29.1,86.8,2026-02-17 04:23:18
29.1,86.8,2026-02-17 04:23:28
29.1,86.8,2026-02-17 04:23:38
29.1,86.8,2026-02-17 04:23:48
29.1,86.7,2026-02-17 04:23:58
29.1,86.6,2026-02-17 04:24:08
29.1,86.6,2026-02-17 04:24:18
29.1,86.6,2026-02-17 04:24:28
29.1,86.6,2026-02-17 04:24:38
29.1,86.7,2026-02-17 04:24:48
29.1,86.7,2026-02-17 04:24:58
29.1,86.7,2026-02-17 04:25:08
29.1,86.7,2026-02-17 04:25:18
29.1,86.6,2026-02-17 04:25:28
29.1,86.6,2026-02-17 04:25:38
29.1,86.6,2026-02-17 04:25:48
29.1,86.6,2026-02-17 04:25:58
29.1,86.6,2026-02-17 04:26:08
29.1,86.6,2026-02-17 04:26:18
29.1,86.6,2026-02-17 04:26:28
29.1,86.7,2026-02-17 04:26:38
29.1,86.7,2026-02-17 04:26:48
29.1,86.7,2026-02-17 04:26:58
29.1,86.7,2026-02-17 04:27:08
29.1,86.7,2026-02-17 04:27:18
29.1,86.7,2026-02-17 04:27:28
29.1,86.7,2026-02-17 04:27:38
29.1,86.7,2026-02-17 04:27:48
29.1,86.7,2026-02-17 04:27:58
29.1,86.7,2026-02-17 04:28:08
29.1,86.7,2026-02-17 04:28:18
29.1,86.7,2026-02-17 04:28:28
29.1,86.7,2026-02-17 04:28:38
29.1,86.7,2026-02-17 04:28:48
29.1,86.7,2026-02-17 04:28:58
29.1,86.7,2026-02-17 04:29:08
29.1,86.7,2026-02-17 04:29:18
29.0,86.7,2026-02-17 04:29:28
29.1,86.8,2026-02-17 04:29:38
29.1,86.7,2026-02-17 04:29:48
29.0,86.7,2026-02-17 04:29:58
29.1,86.7,2026-02-17 04:30:08
29.1,86.7,2026-02-17 04:30:18
29.1,86.7,2026-02-17 04:30:28
29.1,86.7,2026-02-17 04:30:38
29.1,86.8,2026-02-17 04:30:48
29.0,86.8,2026-02-17 04:30:58
29.0,86.7,2026-02-17 04:31:08
29.1,86.7,2026-02-17 04:31:18
29.0,86.7,2026-02-17 04:31:28
29.0,86.7,2026-02-17 04:31:38
29.0,86.8,2026-02-17 04:31:48
29.1,86.8,2026-02-17 04:31:58
29.0,86.8,2026-02-17 04:32:08
29.0,86.7,2026-02-17 04:32:18
29.0,86.7,2026-02-17 04:32:28
29.0,86.7,2026-02-17 04:32:38
29.0,86.8,2026-02-17 04:32:48
29.0,86.8,2026-02-17 04:32:58
29.0,86.8,2026-02-17 04:33:08
29.0,86.7,2026-02-17 04:33:18
29.0,86.8,2026-02-17 04:33:28
29.0,86.8,2026-02-17 04:33:38
29.0,86.8,2026-02-17 04:33:48
29.0,86.9,2026-02-17 04:33:58
29.0,86.8,2026-02-17 04:34:08
29.0,86.8,2026-02-17 04:34:18
29.0,86.8,2026-02-17 04:34:28
29.0,86.8,2026-02-17 04:34:38
29.0,86.9,2026-02-17 04:34:48
29.0,86.9,2026-02-17 04:34:58
29.0,86.9,2026-02-17 04:35:08
29.0,86.8,2026-02-17 04:35:18
29.0,86.8,2026-02-17 04:35:28
29.0,86.8,2026-02-17 04:35:38
29.0,86.8,2026-02-17 04:35:48
29.0,86.7,2026-02-17 04:35:58
29.0,86.8,2026-02-17 04:36:08
29.0,86.8,2026-02-17 04:36:18
29.1,86.8,2026-02-17 04:36:28
29.0,86.7,2026-02-17 04:36:38
29.1,86.7,2026-02-17 04:36:48
29.1,86.7,2026-02-17 04:36:58
29.1,86.7,2026-02-17 04:37:08
29.1,86.7,2026-02-17 04:37:18
29.1,86.6,2026-02-17 04:37:28
29.1,86.6,2026-02-17 04:37:38
29.1,86.6,2026-02-17 04:37:48
29.1,86.6,2026-02-17 04:37:58
29.1,86.7,2026-02-17 04:38:08
29.1,86.7,2026-02-17 04:38:18
29.1,86.7,2026-02-17 04:38:28
29.1,86.7,2026-02-17 04:38:38
29.1,86.7,2026-02-17 04:38:48
29.1,86.7,2026-02-17 04:38:58
29.1,86.6,2026-02-17 04:39:08
29.1,86.6,2026-02-17 04:39:18
29.1,86.6,2026-02-17 04:39:28
29.1,86.7,2026-02-17 04:39:38
29.1,86.6,2026-02-17 04:39:48
29.1,86.6,2026-02-17 04:39:58
29.1,86.6,2026-02-17 04:40:08
29.1,86.6,2026-02-17 04:40:18
29.1,86.6,2026-02-17 04:40:28
29.1,86.6,2026-02-17 04:40:38
29.1,86.6,2026-02-17 04:40:48
29.1,86.6,2026-02-17 04:40:58
29.1,86.5,2026-02-17 04:41:08
29.1,86.5,2026-02-17 04:41:18
29.0,86.5,2026-02-17 04:41:28
29.1,86.7,2026-02-17 04:41:38
29.1,86.8,2026-02-17 04:41:48
29.1,86.8,2026-02-17 04:41:58
29.1,86.8,2026-02-17 04:42:08
29.1,86.8,2026-02-17 04:42:18
29.1,86.8,2026-02-17 04:42:28
29.1,86.7,2026-02-17 04:42:38
29.1,86.8,2026-02-17 04:42:48
29.1,86.8,2026-02-17 04:42:58
29.1,86.8,2026-02-17 04:43:08
29.1,86.8,2026-02-17 04:43:18
29.1,86.8,2026-02-17 04:43:28
29.1,86.8,2026-02-17 04:43:38
29.1,86.7,2026-02-17 04:43:48
29.1,86.7,2026-02-17 04:43:58
29.1,86.6,2026-02-17 04:44:08
29.1,86.6,2026-02-17 04:44:18
29.1,86.6,2026-02-17 04:44:28
29.1,86.6,2026-02-17 04:44:38
29.1,86.6,2026-02-17 04:44:48
29.1,86.6,2026-02-17 04:44:58
29.1,86.6,2026-02-17 04:45:08
29.1,86.6,2026-02-17 04:45:18
29.1,86.5,2026-02-17 04:45:28
29.1,86.6,2026-02-17 04:45:38
29.1,86.5,2026-02-17 04:45:48
29.1,86.5,2026-02-17 04:45:58
29.1,86.5,2026-02-17 04:46:08
29.1,86.5,2026-02-17 04:46:18
29.1,86.5,2026-02-17 04:46:28
29.1,86.5,2026-02-17 04:46:38
29.1,86.5,2026-02-17 04:46:48
29.1,86.5,2026-02-17 04:46:58
29.1,86.5,2026-02-17 04:47:08
29.1,86.5,2026-02-17 04:47:18
29.1,86.5,2026-02-17 04:47:28
29.1,86.5,2026-02-17 04:47:38
29.1,86.4,2026-02-17 04:47:48
29.1,86.5,2026-02-17 04:47:58
29.1,86.5,2026-02-17 04:48:08
29.1,86.5,2026-02-17 04:48:18
29.1,86.5,2026-02-17 04:48:28
29.1,86.4,2026-02-17 04:48:38
29.1,86.5,2026-02-17 04:48:48
29.1,86.5,2026-02-17 04:48:58
29.1,86.5,2026-02-17 04:49:08
29.1,86.4,2026-02-17 04:49:18
29.1,86.5,2026-02-17 04:49:28
29.1,86.5,2026-02-17 04:49:38
29.1,86.4,2026-02-17 04:49:48
29.1,86.4,2026-02-17 04:49:58
29.1,86.5,2026-02-17 04:50:08
29.1,86.5,2026-02-17 04:50:18
29.1,86.5,2026-02-17 04:50:28
29.1,86.5,2026-02-17 04:50:38
29.1,86.5,2026-02-17 04:50:48
29.1,86.4,2026-02-17 04:50:58
29.1,86.4,2026-02-17 04:51:08
29.1,86.4,2026-02-17 04:51:18
29.1,86.4,2026-02-17 04:51:28
29.1,86.5,2026-02-17 04:51:38
29.1,86.5,2026-02-17 04:51:48
29.1,86.4,2026-02-17 04:51:58
29.1,86.5,2026-02-17 04:52:08
29.1,86.6,2026-02-17 04:52:18
29.1,86.6,2026-02-17 04:52:28
29.0,86.6,2026-02-17 04:52:38
29.1,86.7,2026-02-17 04:52:48
29.0,86.6,2026-02-17 04:52:58
29.1,86.7,2026-02-17 04:53:08
29.1,86.7,2026-02-17 04:53:18
29.1,86.7,2026-02-17 04:53:28
29.1,86.6,2026-02-17 04:53:38
29.0,86.7,2026-02-17 04:53:48
29.0,86.7,2026-02-17 04:53:58
29.0,86.7,2026-02-17 04:54:08
29.0,86.7,2026-02-17 04:54:18
29.0,86.7,2026-02-17 04:54:28
29.0,86.7,2026-02-17 04:54:38
29.0,86.7,2026-02-17 04:54:48
29.1,86.7,2026-02-17 04:54:58
29.0,86.7,2026-02-17 04:55:08
29.0,86.7,2026-02-17 04:55:18
29.0,86.7,2026-02-17 04:55:28
29.0,86.8,2026-02-17 04:55:38
29.1,86.7,2026-02-17 04:55:48
29.1,86.7,2026-02-17 04:55:58
29.1,86.6,2026-02-17 04:56:08
29.1,86.7,2026-02-17 04:56:18
29.1,86.6,2026-02-17 04:56:28
29.1,86.6,2026-02-17 04:56:38
29.1,86.5,2026-02-17 04:56:48
29.1,86.5,2026-02-17 04:56:58
29.1,86.5,2026-02-17 04:57:08
29.1,86.5,2026-02-17 04:57:18
29.1,86.5,2026-02-17 04:57:28
29.1,86.5,2026-02-17 04:57:38
29.1,86.5,2026-02-17 04:57:48
29.1,86.5,2026-02-17 04:57:58
29.1,86.5,2026-02-17 04:58:08
29.1,86.5,2026-02-17 04:58:18
29.1,86.6,2026-02-17 04:58:28
29.1,86.6,2026-02-17 04:58:38
29.1,86.5,2026-02-17 04:58:48
29.1,86.5,2026-02-17 04:58:58
29.1,86.5,2026-02-17 04:59:08
29.1,86.5,2026-02-17 04:59:18
29.1,86.4,2026-02-17 04:59:28
29.1,86.5,2026-02-17 04:59:38
29.1,86.5,2026-02-17 04:59:48
29.1,86.5,2026-02-17 04:59:58
29.1,86.5,2026-02-17 05:00:08
29.1,86.5,2026-02-17 05:00:18
29.1,86.5,2026-02-17 05:00:28
29.1,86.5,2026-02-17 05:00:38
29.1,86.5,2026-02-17 05:00:48
29.1,86.5,2026-02-17 05:00:58
29.1,86.5,2026-02-17 05:01:08
29.1,86.5,2026-02-17 05:01:18
29.1,86.5,2026-02-17 05:01:28
29.1,86.5,2026-02-17 05:01:38
29.1,86.5,2026-02-17 05:01:48
29.1,86.5,2026-02-17 05:01:58
29.1,86.5,2026-02-17 05:02:08
29.1,86.5,2026-02-17 05:02:18
29.1,86.4,2026-02-17 05:02:28
29.1,86.4,2026-02-17 05:02:38
29.1,86.4,2026-02-17 05:02:48
29.1,86.4,2026-02-17 05:02:58
29.1,86.3,2026-02-17 05:03:08
29.1,86.3,2026-02-17 05:03:18
29.1,86.4,2026-02-17 05:03:28
29.1,86.3,2026-02-17 05:03:38
29.1,86.3,2026-02-17 05:03:48
29.1,86.4,2026-02-17 05:03:58
29.1,86.4,2026-02-17 05:04:09
29.1,86.4,2026-02-17 05:04:19
29.1,86.4,2026-02-17 05:04:29
29.1,86.4,2026-02-17 05:04:39
29.1,86.4,2026-02-17 05:04:49
29.1,86.4,2026-02-17 05:04:59
29.1,86.4,2026-02-17 05:05:09
29.1,86.4,2026-02-17 05:05:19
29.1,86.4,2026-02-17 05:05:29
29.1,86.4,2026-02-17 05:05:39
29.1,86.4,2026-02-17 05:05:49
29.1,86.4,2026-02-17 05:05:59
29.1,86.4,2026-02-17 05:06:09
29.1,86.3,2026-02-17 05:06:19
29.1,86.4,2026-02-17 05:06:29
29.1,86.4,2026-02-17 05:06:39
29.1,86.4,2026-02-17 05:06:49
29.1,86.3,2026-02-17 05:06:59
29.1,86.3,2026-02-17 05:07:09
29.1,86.4,2026-02-17 05:07:19
29.1,86.4,2026-02-17 05:07:29
29.1,86.4,2026-02-17 05:07:39
29.1,86.4,2026-02-17 05:07:49
29.1,86.4,2026-02-17 05:07:59
29.1,86.4,2026-02-17 05:08:09
29.1,86.4,2026-02-17 05:08:19
29.1,86.4,2026-02-17 05:08:29
29.1,86.4,2026-02-17 05:08:39
29.1,86.4,2026-02-17 05:08:49
29.1,86.4,2026-02-17 05:08:59
29.1,86.4,2026-02-17 05:09:09
29.1,86.5,2026-02-17 05:09:19
29.1,86.5,2026-02-17 05:09:29
29.1,86.5,2026-02-17 05:09:39
29.1,86.4,2026-02-17 05:09:49
29.1,86.5,2026-02-17 05:09:59
29.1,86.6,2026-02-17 05:10:09
29.0,86.5,2026-02-17 05:10:19
29.0,86.6,2026-02-17 05:10:29
29.0,86.6,2026-02-17 05:10:39
29.0,86.6,2026-02-17 05:10:49
29.0,86.6,2026-02-17 05:10:59
29.0,86.6,2026-02-17 05:11:09
29.0,86.6,2026-02-17 05:11:19
29.0,86.7,2026-02-17 05:11:29
29.0,86.7,2026-02-17 05:11:39
29.0,86.7,2026-02-17 05:11:49
29.0,86.8,2026-02-17 05:11:59
29.0,86.8,2026-02-17 05:12:09
29.0,86.8,2026-02-17 05:12:19
29.0,86.7,2026-02-17 05:12:29
29.0,86.7,2026-02-17 05:12:39
29.0,86.7,2026-02-17 05:12:49
29.0,86.8,2026-02-17 05:12:59
29.0,86.8,2026-02-17 05:13:09
29.0,86.8,2026-02-17 05:13:19
29.0,86.8,2026-02-17 05:13:29
29.0,86.8,2026-02-17 05:13:39
29.0,86.8,2026-02-17 05:13:49
29.0,86.8,2026-02-17 05:13:59
29.0,86.9,2026-02-17 05:14:09
29.0,86.8,2026-02-17 05:14:19
29.0,86.8,2026-02-17 05:14:29
29.0,86.8,2026-02-17 05:14:39
29.0,86.8,2026-02-17 05:14:49
29.0,86.8,2026-02-17 05:14:59
29.0,86.9,2026-02-17 05:15:09
29.0,86.8,2026-02-17 05:15:19
29.0,86.9,2026-02-17 05:15:29
29.0,86.9,2026-02-17 05:15:39
29.0,86.9,2026-02-17 05:15:49
28.9,86.9,2026-02-17 05:15:59
29.0,86.9,2026-02-17 05:16:09
28.9,86.9,2026-02-17 05:16:19
28.9,86.9,2026-02-17 05:16:29
28.9,86.9,2026-02-17 05:16:39
28.9,86.9,2026-02-17 05:16:49
28.9,86.9,2026-02-17 05:16:59
28.9,86.9,2026-02-17 05:17:09
28.9,87.0,2026-02-17 05:17:19
28.9,86.9,2026-02-17 05:17:29
28.9,87.0,2026-02-17 05:17:39
28.9,87.0,2026-02-17 05:17:49
28.9,87.0,2026-02-17 05:17:59
28.9,87.0,2026-02-17 05:18:09
29.0,87.0,2026-02-17 05:18:19
29.0,86.9,2026-02-17 05:18:29
29.0,86.9,2026-02-17 05:18:39
29.0,86.9,2026-02-17 05:18:49
29.0,86.9,2026-02-17 05:18:59
29.0,86.9,2026-02-17 05:19:09
29.0,86.8,2026-02-17 05:19:19
29.0,86.8,2026-02-17 05:19:29
29.0,86.8,2026-02-17 05:19:39
29.0,86.8,2026-02-17 05:19:49
29.0,87.0,2026-02-17 05:19:59
29.0,87.3,2026-02-17 05:20:09
29.0,87.4,2026-02-17 05:20:19
29.0,87.3,2026-02-17 05:20:29
29.0,87.2,2026-02-17 05:20:39
28.9,87.3,2026-02-17 05:20:49
28.9,87.4,2026-02-17 05:20:59
28.9,87.5,2026-02-17 05:21:09
28.9,87.7,2026-02-17 05:21:19
28.9,87.7,2026-02-17 05:21:29
28.9,87.8,2026-02-17 05:21:39
28.8,87.9,2026-02-17 05:21:49
28.8,88.2,2026-02-17 05:21:59
28.8,88.1,2026-02-17 05:22:09
28.8,88.3,2026-02-17 05:22:19
28.8,88.4,2026-02-17 05:22:29
28.8,88.5,2026-02-17 05:22:39
28.7,88.6,2026-02-17 05:22:49
28.7,88.6,2026-02-17 05:22:59
28.7,88.6,2026-02-17 05:23:09
28.7,88.6,2026-02-17 05:23:19
28.7,88.7,2026-02-17 05:23:29
28.7,88.7,2026-02-17 05:23:39
28.7,88.8,2026-02-17 05:23:49
28.7,88.8,2026-02-17 05:23:59
28.7,88.8,2026-02-17 05:24:09
28.7,88.9,2026-02-17 05:24:19
28.7,88.8,2026-02-17 05:24:29
28.7,88.8,2026-02-17 05:24:39
28.7,88.8,2026-02-17 05:24:49
28.7,88.8,2026-02-17 05:24:59
28.7,88.9,2026-02-17 05:25:09
28.7,88.9,2026-02-17 05:25:19
28.7,89.0,2026-02-17 05:25:29
28.7,88.9,2026-02-17 05:25:39
28.7,89.0,2026-02-17 05:25:49
28.7,89.0,2026-02-17 05:25:59
28.7,89.0,2026-02-17 05:26:09
28.7,89.1,2026-02-17 05:26:19
28.7,89.0,2026-02-17 05:26:29
28.7,89.2,2026-02-17 05:26:39
28.7,89.1,2026-02-17 05:26:49
28.7,89.1,2026-02-17 05:26:59
28.7,89.0,2026-02-17 05:27:09
28.7,88.9,2026-02-17 05:27:19
28.7,88.9,2026-02-17 05:27:29
28.7,88.9,2026-02-17 05:27:39
28.7,88.9,2026-02-17 05:27:49
28.7,88.9,2026-02-17 05:27:59
28.7,88.9,2026-02-17 05:28:09
28.7,88.9,2026-02-17 05:28:19
28.7,88.9,2026-02-17 05:28:29
28.7,88.9,2026-02-17 05:28:39
28.7,88.9,2026-02-17 05:28:49
28.7,88.9,2026-02-17 05:28:59
28.7,88.9,2026-02-17 05:29:09
28.7,88.9,2026-02-17 05:29:19
28.7,88.8,2026-02-17 05:29:29
28.7,88.9,2026-02-17 05:29:39
28.7,88.9,2026-02-17 05:29:49
28.7,88.9,2026-02-17 05:29:59
28.7,88.8,2026-02-17 05:30:09
28.7,88.9,2026-02-17 05:30:19
28.7,88.9,2026-02-17 05:30:29
28.7,89.0,2026-02-17 05:30:39
28.7,89.2,2026-02-17 05:30:49
28.7,89.1,2026-02-17 05:30:59
28.7,89.1,2026-02-17 05:31:09
28.7,89.1,2026-02-17 05:31:19
28.7,89.1,2026-02-17 05:31:29
28.7,89.1,2026-02-17 05:31:39
28.7,89.2,2026-02-17 05:31:49
28.7,89.3,2026-02-17 05:31:59
28.7,89.3,2026-02-17 05:32:09
28.7,89.1,2026-02-17 05:32:19
28.7,89.2,2026-02-17 05:32:29
28.7,89.2,2026-02-17 05:32:39
28.7,89.2,2026-02-17 05:32:49
28.7,89.1,2026-02-17 05:32:59
28.7,89.1,2026-02-17 05:33:09
28.8,89.2,2026-02-17 05:33:19
28.8,89.1,2026-02-17 05:33:29
28.8,89.0,2026-02-17 05:33:39
28.8,89.1,2026-02-17 05:33:49
28.8,89.1,2026-02-17 05:33:59
28.8,89.0,2026-02-17 05:34:09
28.8,89.0,2026-02-17 05:34:19
28.8,89.0,2026-02-17 05:34:29
28.8,89.0,2026-02-17 05:34:39
28.8,88.9,2026-02-17 05:34:49
28.8,88.9,2026-02-17 05:34:59
28.8,88.8,2026-02-17 05:35:09
28.8,88.9,2026-02-17 05:35:19
28.8,88.9,2026-02-17 05:35:29
28.8,88.9,2026-02-17 05:35:39
28.8,88.9,2026-02-17 05:35:49
28.8,88.9,2026-02-17 05:35:59
28.8,89.0,2026-02-17 05:36:09
28.8,88.9,2026-02-17 05:36:19
28.8,89.0,2026-02-17 05:36:29
28.8,88.9,2026-02-17 05:36:39
28.8,89.1,2026-02-17 05:36:49
28.9,89.2,2026-02-17 05:36:59
28.8,89.0,2026-02-17 05:37:09
28.8,88.9,2026-02-17 05:37:19
28.8,88.9,2026-02-17 05:37:29
28.9,88.9,2026-02-17 05:37:39
28.8,88.9,2026-02-17 05:37:49
28.8,88.9,2026-02-17 05:37:59
28.8,88.9,2026-02-17 05:38:09
28.8,88.9,2026-02-17 05:38:19
28.8,89.0,2026-02-17 05:38:29
28.8,89.0,2026-02-17 05:38:39
28.8,88.9,2026-02-17 05:38:49
28.8,88.9,2026-02-17 05:38:59
28.8,88.9,2026-02-17 05:39:09
28.8,88.9,2026-02-17 05:39:19
28.8,89.1,2026-02-17 05:39:29
28.9,89.0,2026-02-17 05:39:39
28.8,88.9,2026-02-17 05:39:49
28.8,88.9,2026-02-17 05:39:59
28.8,88.9,2026-02-17 05:40:09
28.8,88.8,2026-02-17 05:40:19
28.8,88.9,2026-02-17 05:40:29
28.8,89.1,2026-02-17 05:40:39
28.9,89.3,2026-02-17 05:40:49
28.9,89.0,2026-02-17 05:40:59
28.9,88.9,2026-02-17 05:41:09
28.9,88.9,2026-02-17 05:41:19
28.9,88.9,2026-02-17 05:41:29
28.9,88.9,2026-02-17 05:41:39
28.9,88.8,2026-02-17 05:41:49
28.9,89.0,2026-02-17 05:41:59
28.9,89.1,2026-02-17 05:42:09
28.9,89.0,2026-02-17 05:42:19
28.9,88.9,2026-02-17 05:42:29
28.9,88.8,2026-02-17 05:42:39
28.9,88.9,2026-02-17 05:42:49
28.9,88.8,2026-02-17 05:42:59
28.9,88.7,2026-02-17 05:43:09
28.9,88.7,2026-02-17 05:43:19
28.9,88.5,2026-02-17 05:43:29
28.9,88.6,2026-02-17 05:43:39
28.9,88.6,2026-02-17 05:43:49
28.9,88.8,2026-02-17 05:43:59
28.9,88.6,2026-02-17 05:44:09
28.9,88.5,2026-02-17 05:44:19
28.9,88.6,2026-02-17 05:44:29
28.9,88.6,2026-02-17 05:44:39
28.9,88.7,2026-02-17 05:44:49
28.9,88.6,2026-02-17 05:44:59
28.9,88.6,2026-02-17 05:45:09
28.9,88.6,2026-02-17 05:45:19
28.9,88.6,2026-02-17 05:45:29
28.9,88.6,2026-02-17 05:45:39
28.9,88.5,2026-02-17 05:45:49
28.9,88.6,2026-02-17 05:45:59
28.9,88.6,2026-02-17 05:46:09
28.9,88.6,2026-02-17 05:46:19
28.9,88.7,2026-02-17 05:46:29
28.9,88.7,2026-02-17 05:46:39
28.9,88.6,2026-02-17 05:46:49
28.9,88.6,2026-02-17 05:46:59
28.9,88.6,2026-02-17 05:47:09
28.9,88.5,2026-02-17 05:47:19
28.9,88.6,2026-02-17 05:47:29
28.9,88.4,2026-02-17 05:47:39
28.9,88.5,2026-02-17 05:47:49
29.0,88.5,2026-02-17 05:47:59
29.0,88.4,2026-02-17 05:48:09
29.0,88.5,2026-02-17 05:48:19
29.0,88.4,2026-02-17 05:48:29
29.0,88.4,2026-02-17 05:48:39
29.0,88.3,2026-02-17 05:48:49
29.0,88.3,2026-02-17 05:48:59
29.0,88.4,2026-02-17 05:49:09
29.0,88.3,2026-02-17 05:49:19
29.0,88.3,2026-02-17 05:49:29
29.0,88.1,2026-02-17 05:49:39
29.0,88.1,2026-02-17 05:49:49
29.0,88.2,2026-02-17 05:49:59
29.0,88.2,2026-02-17 05:50:09
29.0,88.2,2026-02-17 05:50:19
29.0,88.4,2026-02-17 05:50:29
29.0,88.5,2026-02-17 05:50:39
29.0,88.3,2026-02-17 05:50:49
29.0,88.2,2026-02-17 05:50:59
29.0,88.2,2026-02-17 05:51:09
29.0,88.2,2026-02-17 05:51:19
29.0,88.2,2026-02-17 05:51:29
29.0,88.2,2026-02-17 05:51:39
29.0,88.1,2026-02-17 05:51:49
29.0,88.2,2026-02-17 05:51:59
29.0,88.1,2026-02-17 05:52:09
29.0,88.1,2026-02-17 05:52:19
29.0,88.2,2026-02-17 05:52:29
28.9,88.4,2026-02-17 05:52:39
28.9,88.4,2026-02-17 05:52:49
28.9,88.5,2026-02-17 05:52:59
28.9,88.5,2026-02-17 05:53:09
28.9,88.6,2026-02-17 05:53:19
28.9,88.5,2026-02-17 05:53:29
29.0,88.5,2026-02-17 05:53:39
29.0,88.5,2026-02-17 05:53:49
29.0,88.5,2026-02-17 05:53:59
29.0,88.4,2026-02-17 05:54:09
29.0,88.5,2026-02-17 05:54:19
29.0,88.5,2026-02-17 05:54:29
29.0,88.5,2026-02-17 05:54:39
29.0,88.5,2026-02-17 05:54:49
29.0,88.4,2026-02-17 05:54:59
29.0,88.4,2026-02-17 05:55:09
28.9,88.4,2026-02-17 05:55:19
29.0,88.4,2026-02-17 05:55:29
28.9,88.4,2026-02-17 05:55:39
29.0,88.4,2026-02-17 05:55:49
28.9,88.5,2026-02-17 05:55:59
29.0,88.5,2026-02-17 05:56:09
29.0,88.4,2026-02-17 05:56:19
28.9,88.4,2026-02-17 05:56:29
28.9,88.4,2026-02-17 05:56:39
29.0,88.4,2026-02-17 05:56:49
28.9,88.5,2026-02-17 05:56:59
28.9,88.4,2026-02-17 05:57:09
29.0,88.4,2026-02-17 05:57:19
28.9,88.4,2026-02-17 05:57:29
29.0,88.4,2026-02-17 05:57:39
29.0,88.3,2026-02-17 05:57:49
29.0,88.4,2026-02-17 05:57:59
29.0,88.3,2026-02-17 05:58:09
29.0,88.3,2026-02-17 05:58:19
28.9,88.2,2026-02-17 05:58:29
29.0,88.3,2026-02-17 05:58:39
29.0,88.3,2026-02-17 05:58:49
29.0,88.3,2026-02-17 05:58:59
29.0,88.2,2026-02-17 05:59:09
28.9,88.2,2026-02-17 05:59:19
28.9,88.3,2026-02-17 05:59:29
29.0,88.3,2026-02-17 05:59:39
28.9,88.5,2026-02-17 05:59:49
29.0,88.6,2026-02-17 05:59:59
29.0,88.7,2026-02-17 06:00:09
29.0,88.7,2026-02-17 06:00:19
29.0,88.8,2026-02-17 06:00:29
29.0,88.8,2026-02-17 06:00:39
29.0,88.8,2026-02-17 06:00:49
29.0,88.8,2026-02-17 06:00:59
29.0,88.8,2026-02-17 06:01:09
